Workbook
Name COMPLETIONS: [1]Settings!$B$3
Name COMPLETIONS: [1]Settings!$B$3
Name COMPLETIONS: Settings!$B$3
Name DEF_0_PTS_ALLOW: Settings!$B$22
Name DEF_1_6_PTS_ALLOW: Settings!$B$23
Name DEF_14_21_PTS_ALLOW: Settings!$B$25
Name DEF_22_27_PTS_ALLOW: Settings!$B$26
Name DEF_28_35_PTS_ALLOW: Settings!$B$27
Name DEF_35__PTS_ALLOW: Settings!$B$28
Name DEF_7_13_PTS_ALLOW: Settings!$B$24
Name DEF_FORCE_FUMBLE: Settings!$B$18
Name DEF_INT: Settings!$B$17
Name DEF_RECOVER_FUMBLE: Settings!$B$19
Name DEF_SACKS: Settings!$B$16
Name DEF_SAFETIES: Settings!$B$20
Name DEF_TOUCHDOWN: Settings!$B$21
Name DEF_YD_ALLOW_PER: Settings!#REF!
Name FLEXVORPCalc: 'OVR & VORP Ranks'!$AD$6
Name INTERCEPTIONS: [1]Settings!$B$6
Name INTERCEPTIONS: [1]Settings!$B$6
Name INTERCEPTIONS: Settings!$B$6
Name PASS_ATTEMPTS: [1]Settings!$B$2
Name PASS_ATTEMPTS: [1]Settings!$B$2
Name PASS_ATTEMPTS: Settings!$B$2
Name PASS_TDS: [1]Settings!$B$5
Name PASS_TDS: [1]Settings!$B$5
Name PASS_TDS: Settings!$B$5
Name PASS_YARDS: [1]Settings!$B$4
Name PASS_YARDS: [1]Settings!$B$4
Name PASS_YARDS: Settings!$B$4
Name QBVORPCalc: 'OVR & VORP Ranks'!$AD$2
Name RBVORPCalc: 'OVR & VORP Ranks'!$AD$3
Name RECEPTIONS_RB: [1]Settings!$B$11
Name RECEPTIONS_RB: [1]Settings!$B$11
Name RECEPTIONS_RB: Settings!$B$11
Name RECEPTIONS_TE: [1]Settings!$B$13
Name RECEPTIONS_TE: [1]Settings!$B$13
Name RECEPTIONS_TE: Settings!$B$13
Name RECEPTIONS_WR: [1]Settings!$B$12
Name RECEPTIONS_WR: [1]Settings!$B$12
Name RECEPTIONS_WR: Settings!$B$12
Name RECV_TDS: [1]Settings!$B$15
Name RECV_TDS: [1]Settings!$B$15
Name RECV_TDS: Settings!$B$15
Name RECV_YARDS: [1]Settings!$B$14
Name RECV_YARDS: [1]Settings!$B$14
Name RECV_YARDS: Settings!$B$14
Name RUSH_ATTEMPTS: [1]Settings!$B$7
Name RUSH_ATTEMPTS: [1]Settings!$B$7
Name RUSH_ATTEMPTS: Settings!$B$7
Name RUSH_TDS: [1]Settings!$B$9
Name RUSH_TDS: [1]Settings!$B$9
Name RUSH_TDS: Settings!$B$9
Name RUSH_YARDS: [1]Settings!$B$8
Name RUSH_YARDS: [1]Settings!$B$8
Name RUSH_YARDS: Settings!$B$8
Name SFLEXVORPCalc: 'OVR & VORP Ranks'!$AD$7
Name STARTING_DST: Settings!$E$7
Name STARTING_FLEX: Settings!$E$9
Name STARTING_QB: Settings!$E$3

Sheet Instructions
A1: LINK TO THE SITE WITH STEP-BY-STEP DEEPER INSTRUCTIONS AND PICTURES
A3: OPEN IN EXCEL | B3: If you don't have Excel, you can access Office 365 online (just have to create an account if you don't have one), so…
B4: GO HERE to access Excel online and open the file
A5: CELLS | B5: There are cells all the way to the right, up to Column AH - make sure you see/use all of them if changing numbers
A6: STATS TO EDIT | B6: Only change stats in YELLOW - the rest will auto-calculate after you make changes
A7: STAT TOTALS | B7: Columns AE-AH should total 100% or less -- the calcuations will still adjust to 98% (Columns W, AA, AC), but it's forcing the numbers if you're over 100% and/or inflating them if way low
A8: POSITION DIFFERENCES | B8: QB attempt total can't be manipulated manually - you must change TEAM PLAYS, TEAM PASS% and/or QB PASS SHARE
A9: MORE TEAM STATS/TOTALS | B9: You can only edit PASS% (RUSH% auto adjusts to equal 100). Also, TEAM YPC and TD% affect "available" rushing yards and TDs -- QB YPA and PASS TD% affect "available" targets, receptions (yards and TDs)
A11: BENCHMARKS QB | B11: League average for TD% per COMP is around 7.1-7.2
A12: BENCHMARKS RB | B12: League average for TD% per RUSH ATT is around 3.8
A13: BENCHMARKS WR | B13: League average for TGT% is around 9.0
A14: BENCHMARKS TE | B14: League average for TGT% is around 5.5

Sheet Settings
A1: Category | B1: Points | D1: Category | E1: Value
A2: PASS ATTEMPTS | B2: 0 | D2: TEAMS | E2: 12
A3: COMPLETIONS | B3: 0.1 | D3: STARTING QB | E3: 1
A4: PASS YARDS | B4: 0.04 | D4: STARTING RB | E4: 2
A5: PASS TDS | B5: 6 | D5: STARTING WR | E5: 3
A6: INTERCEPTIONS | B6: -1 | D6: STARTING TE | E6: 1
A7: RUSH ATTEMPTS | B7: 0 | D7: STARTING DST | E7: 1
A8: RUSH YARDS | B8: 0.1 | D8: STARTING SUPERFLEX | E8: 1
A9: RUSH TDS | B9: 6 | D9: STARTING FLEX | E9: 1
A10: TARGETS | B10: 0 | D10: AUCTION BUDGET | E10: 200
A11: RECEPTIONS (RB) | B11: 0.5
A12: RECEPTIONS (WR) | B12: 0.5
A13: RECEPTIONS (TE) | B13: 0.5
A14: RECV YARDS | B14: 0.1
A15: RECV TDS | B15: 6
A16: DEF SACKS | B16: 1
A17: DEF INT | B17: 2
A18: DEF FORCE FUMBLE | B18: 1
A19: DEF RECOVER FUMBLE | B19: 2
A20: DEF SAFETIES | B20: 2
A21: DEF TOUCHDOWN | B21: 6
A22: DEF 0 PTS ALLOW | B22: 5
... A28: DEF 35+ PTS ALLOW | B28: -3

Sheet POS Ranks
A1: RK | B1: Player | C1: TM | D1: BYE | E1: FPS | F1: AUC$ | H1: RK | I1: Player | J1: TM | K1: BYE | L1: FPS | M1: AUC$ | O1: RK | P1: Player | Q1: TM | R1: BYE | S1: FPS | T1: AUC$ | V1: RK | W1: Player | X1: TM | Y1: BYE | Z1: FPS | AA1: AUC$ | AC1: RK | AD1: Player | AE1: BYE | AF1: FPS | AG1: AUC$
A2: 1 | B2: =IFERROR(INDEX(TableQBCalcPts[PLAYER],MATCH(TableQBRanks[[#This Row],[RK]],TableQBCalcPts[RK],0)),"") -> Josh Allen | C2: =IFERROR(INDEX(TableQBCalcPts[TM],MATCH(TableQBRanks[[#This Row],[RK]],TableQBCalcPts[RK],0)),"") -> BUF | D2: =IFERROR(INDEX(TableQBCalcPts[BYE],MATCH(TableQBRanks[[#This Row],[RK]],TableQBCalcPts[RK],0)),"") -> 7 | E2: =IFERROR(INDEX(TableQBCalcPts[Custom],MATCH(TableQBRanks[[#This Row],[RK]],TableQBCalcPts[RK],0)),"") -> 471.56584 | F2: =IF(VLOOKUP(TableQBRanks[[#This Row],[Player]],'Ranks w Proj'!$B:$N,13,FALSE)<0,0,VLOOKUP(TableQBRanks[[#This Row],[Player]],'Ranks w Proj'!$B:$N,13,FALSE)) -> 40.077402 | H2: 1 | I2: =IFERROR(INDEX(TableRBCalcPts[PLAYER],MATCH(TableRBRanks[[#This Row],[RK]],TableRBCalcPts[RK],0)),"") -> Jahmyr Gibbs | J2: =IFERROR(INDEX(TableRBCalcPts[TM],MATCH(TableRBRanks[[#This Row],[RK]],TableRBCalcPts[RK],0)),"") -> DET | K2: =IFERROR(INDEX(TableRBCalcPts[BYE],MATCH(TableRBRanks[[#This Row],[RK]],TableRBCalcPts[RK],0)),"") -> 6 | L2: =IFERROR(INDEX(TableRBCalcPts[Custom],MATCH(TableRBRanks[[#This Row],[RK]],TableRBCalcPts[RK],0)),"") -> 324.15018 | M2: =IF(VLOOKUP(TableRBRanks[[#This Row],[Player]],'Ranks w Proj'!$Q:$AB,12,FALSE)<0,0,VLOOKUP(TableRBRanks[[#This Row],[Player]],'Ranks w Proj'!$Q:$AB,12,FALSE)) -> 33.087955 | O2: 1 | P2: =IFERROR(INDEX(TableWRCalcPts[PLAYER],MATCH(TableWRRanks[[#This Row],[RK]],TableWRCalcPts[RK],0)),"") -> Jaxon Smith-Njigba | Q2: =IFERROR(INDEX(TableWRCalcPts[TM],MATCH(TableWRRanks[[#This Row],[RK]],TableWRCalcPts[RK],0)),"") -> SEA | R2: =IFERROR(INDEX(TableWRCalcPts[BYE],MATCH(TableWRRanks[[#This Row],[RK]],TableWRCalcPts[RK],0)),"") -> 11 | S2: =IFERROR(INDEX(TableWRCalcPts[Custom],MATCH(TableWRRanks[[#This Row],[RK]],TableWRCalcPts[RK],0)),"") -> 300.17511 | T2: =IF(VLOOKUP(TableWRRanks[[#This Row],[Player]],'Ranks w Proj'!$AE:$AO,11,FALSE)<0,0,VLOOKUP(TableWRRanks[[#This Row],[Player]],'Ranks w Proj'!$AE:$AO,11,FALSE)) -> 39.433926 | V2: 1 | W2: =IFERROR(INDEX(TableTECalcPts[PLAYER],MATCH(TableTERanks[[#This Row],[RK]],TableTECalcPts[RK],0)),"") -> Colston Loveland | X2: =IFERROR(INDEX(TableTECalcPts[TM],MATCH(TableTERanks[[#This Row],[RK]],TableTECalcPts[RK],0)),"") -> CHI | Y2: =IFERROR(INDEX(TableTECalcPts[BYE],MATCH(TableTERanks[[#This Row],[RK]],TableTECalcPts[RK],0)),"") -> 10 | Z2: =IFERROR(INDEX(TableTECalcPts[Custom],MATCH(TableTERanks[[#This Row],[RK]],TableTECalcPts[RK],0)),"") -> 193.51107 | AA2: =IF(VLOOKUP(TableTERanks[[#This Row],[Player]],'Ranks w Proj'!$AR:$AZ,9,FALSE)<0,0,VLOOKUP(TableTERanks[[#This Row],[Player]],'Ranks w Proj'!$AR:$AZ,9,FALSE)) -> 21.723467 | AC2: 1 | AD2: =IFERROR(INDEX(TableDSTCalcPts[PLAYER],MATCH(TableDSTRanks[[#This Row],[RK]],TableDSTCalcPts[RK],0)),"") -> Houston Texans | AE2: =IFERROR(INDEX(TableDSTCalcPts[BYE],MATCH(TableDSTRanks[[#This Row],[RK]],TableDSTCalcPts[RK],0)),"") -> 8 | AF2: =IFERROR(INDEX(TableDSTCalcPts[Custom],MATCH(TableDSTRanks[[#This Row],[RK]],TableDSTCalcPts[RK],0)),"") -> 147.00238 | AG2: 2
A3: 2 | B3: =IFERROR(INDEX(TableQBCalcPts[PLAYER],MATCH(TableQBRanks[[#This Row],[RK]],TableQBCalcPts[RK],0)),"") -> Joe Burrow | C3: =IFERROR(INDEX(TableQBCalcPts[TM],MATCH(TableQBRanks[[#This Row],[RK]],TableQBCalcPts[RK],0)),"") -> CIN | D3: =IFERROR(INDEX(TableQBCalcPts[BYE],MATCH(TableQBRanks[[#This Row],[RK]],TableQBCalcPts[RK],0)),"") -> 6 | E3: =IFERROR(INDEX(TableQBCalcPts[Custom],MATCH(TableQBRanks[[#This Row],[RK]],TableQBCalcPts[RK],0)),"") -> 448.82705 | F3: =IF(VLOOKUP(TableQBRanks[[#This Row],[Player]],'Ranks w Proj'!$B:$N,13,FALSE)<0,0,VLOOKUP(TableQBRanks[[#This Row],[Player]],'Ranks w Proj'!$B:$N,13,FALSE)) -> 35.720993 | H3: 2 | I3: =IFERROR(INDEX(TableRBCalcPts[PLAYER],MATCH(TableRBRanks[[#This Row],[RK]],TableRBCalcPts[RK],0)),"") -> Bijan Robinson | J3: =IFERROR(INDEX(TableRBCalcPts[TM],MATCH(TableRBRanks[[#This Row],[RK]],TableRBCalcPts[RK],0)),"") -> ATL | K3: =IFERROR(INDEX(TableRBCalcPts[BYE],MATCH(TableRBRanks[[#This Row],[RK]],TableRBCalcPts[RK],0)),"") -> 11 | L3: =IFERROR(INDEX(TableRBCalcPts[Custom],MATCH(TableRBRanks[[#This Row],[RK]],TableRBCalcPts[RK],0)),"") -> 322.904 | M3: =IF(VLOOKUP(TableRBRanks[[#This Row],[Player]],'Ranks w Proj'!$Q:$AB,12,FALSE)<0,0,VLOOKUP(TableRBRanks[[#This Row],[Player]],'Ranks w Proj'!$Q:$AB,12,FALSE)) -> 32.900652 | O3: 2 | P3: =IFERROR(INDEX(TableWRCalcPts[PLAYER],MATCH(TableWRRanks[[#This Row],[RK]],TableWRCalcPts[RK],0)),"") -> Ja'Marr Chase | Q3: =IFERROR(INDEX(TableWRCalcPts[TM],MATCH(TableWRRanks[[#This Row],[RK]],TableWRCalcPts[RK],0)),"") -> CIN | R3: =IFERROR(INDEX(TableWRCalcPts[BYE],MATCH(TableWRRanks[[#This Row],[RK]],TableWRCalcPts[RK],0)),"") -> 6 | S3: =IFERROR(INDEX(TableWRCalcPts[Custom],MATCH(TableWRRanks[[#This Row],[RK]],TableWRCalcPts[RK],0)),"") -> 298.87383 | T3: =IF(VLOOKUP(TableWRRanks[[#This Row],[Player]],'Ranks w Proj'!$AE:$AO,11,FALSE)<0,0,VLOOKUP(TableWRRanks[[#This Row],[Player]],'Ranks w Proj'!$AE:$AO,11,FALSE)) -> 39.189445 | V3: 2 | W3: =IFERROR(INDEX(TableTECalcPts[PLAYER],MATCH(TableTERanks[[#This Row],[RK]],TableTECalcPts[RK],0)),"") -> Brock Bowers | X3: =IFERROR(INDEX(TableTECalcPts[TM],MATCH(TableTERanks[[#This Row],[RK]],TableTECalcPts[RK],0)),"") -> LV | Y3: =IFERROR(INDEX(TableTECalcPts[BYE],MATCH(TableTERanks[[#This Row],[RK]],TableTECalcPts[RK],0)),"") -> 13 | Z3: =IFERROR(INDEX(TableTECalcPts[Custom],MATCH(TableTERanks[[#This Row],[RK]],TableTECalcPts[RK],0)),"") -> 189.2298 | AA3: =IF(VLOOKUP(TableTERanks[[#This Row],[Player]],'Ranks w Proj'!$AR:$AZ,9,FALSE)<0,0,VLOOKUP(TableTERanks[[#This Row],[Player]],'Ranks w Proj'!$AR:$AZ,9,FALSE)) -> 20.91911 | AC3: 2 | AD3: =IFERROR(INDEX(TableDSTCalcPts[PLAYER],MATCH(TableDSTRanks[[#This Row],[RK]],TableDSTCalcPts[RK],0)),"") -> Seattle Seahawks | AE3: =IFERROR(INDEX(TableDSTCalcPts[BYE],MATCH(TableDSTRanks[[#This Row],[RK]],TableDSTCalcPts[RK],0)),"") -> 11 | AF3: =IFERROR(INDEX(TableDSTCalcPts[Custom],MATCH(TableDSTRanks[[#This Row],[RK]],TableDSTCalcPts[RK],0)),"") -> 142.73571 | AG3: 2
A4: 3 | B4: =IFERROR(INDEX(TableQBCalcPts[PLAYER],MATCH(TableQBRanks[[#This Row],[RK]],TableQBCalcPts[RK],0)),"") -> Drake Maye | C4: =IFERROR(INDEX(TableQBCalcPts[TM],MATCH(TableQBRanks[[#This Row],[RK]],TableQBCalcPts[RK],0)),"") -> NE | D4: =IFERROR(INDEX(TableQBCalcPts[BYE],MATCH(TableQBRanks[[#This Row],[RK]],TableQBCalcPts[RK],0)),"") -> 11 | E4: =IFERROR(INDEX(TableQBCalcPts[Custom],MATCH(TableQBRanks[[#This Row],[RK]],TableQBCalcPts[RK],0)),"") -> 445.96284 | F4: =IF(VLOOKUP(TableQBRanks[[#This Row],[Player]],'Ranks w Proj'!$B:$N,13,FALSE)<0,0,VLOOKUP(TableQBRanks[[#This Row],[Player]],'Ranks w Proj'!$B:$N,13,FALSE)) -> 34.159683 | H4: 3 | I4: =IFERROR(INDEX(TableRBCalcPts[PLAYER],MATCH(TableRBRanks[[#This Row],[RK]],TableRBCalcPts[RK],0)),"") -> Christian McCaffrey | J4: =IFERROR(INDEX(TableRBCalcPts[TM],MATCH(TableRBRanks[[#This Row],[RK]],TableRBCalcPts[RK],0)),"") -> SF | K4: =IFERROR(INDEX(TableRBCalcPts[BYE],MATCH(TableRBRanks[[#This Row],[RK]],TableRBCalcPts[RK],0)),"") -> 8 | L4: =IFERROR(INDEX(TableRBCalcPts[Custom],MATCH(TableRBRanks[[#This Row],[RK]],TableRBCalcPts[RK],0)),"") -> 307.7762 | M4: =IF(VLOOKUP(TableRBRanks[[#This Row],[Player]],'Ranks w Proj'!$Q:$AB,12,FALSE)<0,0,VLOOKUP(TableRBRanks[[#This Row],[Player]],'Ranks w Proj'!$Q:$AB,12,FALSE)) -> 30.626904 | O4: 3 | P4: =IFERROR(INDEX(TableWRCalcPts[PLAYER],MATCH(TableWRRanks[[#This Row],[RK]],TableWRCalcPts[RK],0)),"") -> Puka Nacua | Q4: =IFERROR(INDEX(TableWRCalcPts[TM],MATCH(TableWRRanks[[#This Row],[RK]],TableWRCalcPts[RK],0)),"") -> LAR | R4: =IFERROR(INDEX(TableWRCalcPts[BYE],MATCH(TableWRRanks[[#This Row],[RK]],TableWRCalcPts[RK],0)),"") -> 11 | S4: =IFERROR(INDEX(TableWRCalcPts[Custom],MATCH(TableWRRanks[[#This Row],[RK]],TableWRCalcPts[RK],0)),"") -> 288.94555 | T4: =IF(VLOOKUP(TableWRRanks[[#This Row],[Player]],'Ranks w Proj'!$AE:$AO,11,FALSE)<0,0,VLOOKUP(TableWRRanks[[#This Row],[Player]],'Ranks w Proj'!$AE:$AO,11,FALSE)) -> 37.324137 | V4: 3 | W4: =IFERROR(INDEX(TableTECalcPts[PLAYER],MATCH(TableTERanks[[#This Row],[RK]],TableTECalcPts[RK],0)),"") -> Trey McBride | X4: =IFERROR(INDEX(TableTECalcPts[TM],MATCH(TableTERanks[[#This Row],[RK]],TableTECalcPts[RK],0)),"") -> ARI | Y4: =IFERROR(INDEX(TableTECalcPts[BYE],MATCH(TableTERanks[[#This Row],[RK]],TableTECalcPts[RK],0)),"") -> 14 | Z4: =IFERROR(INDEX(TableTECalcPts[Custom],MATCH(TableTERanks[[#This Row],[RK]],TableTECalcPts[RK],0)),"") -> 183.17819 | AA4: =IF(VLOOKUP(TableTERanks[[#This Row],[Player]],'Ranks w Proj'!$AR:$AZ,9,FALSE)<0,0,VLOOKUP(TableTERanks[[#This Row],[Player]],'Ranks w Proj'!$AR:$AZ,9,FALSE)) -> 19.782144 | AC4: 3 | AD4: =IFERROR(INDEX(TableDSTCalcPts[PLAYER],MATCH(TableDSTRanks[[#This Row],[RK]],TableDSTCalcPts[RK],0)),"") -> Denver Broncos | AE4: =IFERROR(INDEX(TableDSTCalcPts[BYE],MATCH(TableDSTRanks[[#This Row],[RK]],TableDSTCalcPts[RK],0)),"") -> 10 | AF4: =IFERROR(INDEX(TableDSTCalcPts[Custom],MATCH(TableDSTRanks[[#This Row],[RK]],TableDSTCalcPts[RK],0)),"") -> 140.82143 | AG4: 1
A5: 4 | B5: =IFERROR(INDEX(TableQBCalcPts[PLAYER],MATCH(TableQBRanks[[#This Row],[RK]],TableQBCalcPts[RK],0)),"") -> Lamar Jackson | C5: =IFERROR(INDEX(TableQBCalcPts[TM],MATCH(TableQBRanks[[#This Row],[RK]],TableQBCalcPts[RK],0)),"") -> BAL | D5: =IFERROR(INDEX(TableQBCalcPts[BYE],MATCH(TableQBRanks[[#This Row],[RK]],TableQBCalcPts[RK],0)),"") -> 13 | E5: =IFERROR(INDEX(TableQBCalcPts[Custom],MATCH(TableQBRanks[[#This Row],[RK]],TableQBCalcPts[RK],0)),"") -> 425.38039 | F5: =IF(VLOOKUP(TableQBRanks[[#This Row],[Player]],'Ranks w Proj'!$B:$N,13,FALSE)<0,0,VLOOKUP(TableQBRanks[[#This Row],[Player]],'Ranks w Proj'!$B:$N,13,FALSE)) -> 28.94425 | H5: 4 | I5: =IFERROR(INDEX(TableRBCalcPts[PLAYER],MATCH(TableRBRanks[[#This Row],[RK]],TableRBCalcPts[RK],0)),"") -> Jonathan Taylor | J5: =IFERROR(INDEX(TableRBCalcPts[TM],MATCH(TableRBRanks[[#This Row],[RK]],TableRBCalcPts[RK],0)),"") -> IND | K5: =IFERROR(INDEX(TableRBCalcPts[BYE],MATCH(TableRBRanks[[#This Row],[RK]],TableRBCalcPts[RK],0)),"") -> 13 | L5: =IFERROR(INDEX(TableRBCalcPts[Custom],MATCH(TableRBRanks[[#This Row],[RK]],TableRBCalcPts[RK],0)),"") -> 287.83953 | M5: =IF(VLOOKUP(TableRBRanks[[#This Row],[Player]],'Ranks w Proj'!$Q:$AB,12,FALSE)<0,0,VLOOKUP(TableRBRanks[[#This Row],[Player]],'Ranks w Proj'!$Q:$AB,12,FALSE)) -> 27.630372 | O5: 4 | P5: =IFERROR(INDEX(TableWRCalcPts[PLAYER],MATCH(TableWRRanks[[#This Row],[RK]],TableWRCalcPts[RK],0)),"") -> Amon-Ra St. Brown | Q5: =IFERROR(INDEX(TableWRCalcPts[TM],MATCH(TableWRRanks[[#This Row],[RK]],TableWRCalcPts[RK],0)),"") -> DET | R5: =IFERROR(INDEX(TableWRCalcPts[BYE],MATCH(TableWRRanks[[#This Row],[RK]],TableWRCalcPts[RK],0)),"") -> 6 | S5: =IFERROR(INDEX(TableWRCalcPts[Custom],MATCH(TableWRRanks[[#This Row],[RK]],TableWRCalcPts[RK],0)),"") -> 263.19538 | T5: =IF(VLOOKUP(TableWRRanks[[#This Row],[Player]],'Ranks w Proj'!$AE:$AO,11,FALSE)<0,0,VLOOKUP(TableWRRanks[[#This Row],[Player]],'Ranks w Proj'!$AE:$AO,11,FALSE)) -> 32.486242 | V5: 4 | W5: =IFERROR(INDEX(TableTECalcPts[PLAYER],MATCH(TableTERanks[[#This Row],[RK]],TableTECalcPts[RK],0)),"") -> Tyler Warren | X5: =IFERROR(INDEX(TableTECalcPts[TM],MATCH(TableTERanks[[#This Row],[RK]],TableTECalcPts[RK],0)),"") -> IND | Y5: =IFERROR(INDEX(TableTECalcPts[BYE],MATCH(TableTERanks[[#This Row],[RK]],TableTECalcPts[RK],0)),"") -> 13 | Z5: =IFERROR(INDEX(TableTECalcPts[Custom],MATCH(TableTERanks[[#This Row],[RK]],TableTECalcPts[RK],0)),"") -> 168.31978 | AA5: =IF(VLOOKUP(TableTERanks[[#This Row],[Player]],'Ranks w Proj'!$AR:$AZ,9,FALSE)<0,0,VLOOKUP(TableTERanks[[#This Row],[Player]],'Ranks w Proj'!$AR:$AZ,9,FALSE)) -> 16.990573 | AC5: 4 | AD5: =IFERROR(INDEX(TableDSTCalcPts[PLAYER],MATCH(TableDSTRanks[[#This Row],[RK]],TableDSTCalcPts[RK],0)),"") -> Los Angeles Rams | AE5: =IFERROR(INDEX(TableDSTCalcPts[BYE],MATCH(TableDSTRanks[[#This Row],[RK]],TableDSTCalcPts[RK],0)),"") -> 11 | AF5: =IFERROR(INDEX(TableDSTCalcPts[Custom],MATCH(TableDSTRanks[[#This Row],[RK]],TableDSTCalcPts[RK],0)),"") -> 138.2119 | AG5: 1
A6: 5 | B6: =IFERROR(INDEX(TableQBCalcPts[PLAYER],MATCH(TableQBRanks[[#This Row],[RK]],TableQBCalcPts[RK],0)),"") -> Dak Prescott | C6: =IFERROR(INDEX(TableQBCalcPts[TM],MATCH(TableQBRanks[[#This Row],[RK]],TableQBCalcPts[RK],0)),"") -> DAL | D6: =IFERROR(INDEX(TableQBCalcPts[BYE],MATCH(TableQBRanks[[#This Row],[RK]],TableQBCalcPts[RK],0)),"") -> 14 | E6: =IFERROR(INDEX(TableQBCalcPts[Custom],MATCH(TableQBRanks[[#This Row],[RK]],TableQBCalcPts[RK],0)),"") -> 424.26157 | F6: =IF(VLOOKUP(TableQBRanks[[#This Row],[Player]],'Ranks w Proj'!$B:$N,13,FALSE)<0,0,VLOOKUP(TableQBRanks[[#This Row],[Player]],'Ranks w Proj'!$B:$N,13,FALSE)) -> 26.377588 | H6: 5 | I6: =IFERROR(INDEX(TableRBCalcPts[PLAYER],MATCH(TableRBRanks[[#This Row],[RK]],TableRBCalcPts[RK],0)),"") -> James Cook | J6: =IFERROR(INDEX(TableRBCalcPts[TM],MATCH(TableRBRanks[[#This Row],[RK]],TableRBCalcPts[RK],0)),"") -> BUF | K6: =IFERROR(INDEX(TableRBCalcPts[BYE],MATCH(TableRBRanks[[#This Row],[RK]],TableRBCalcPts[RK],0)),"") -> 7 | L6: =IFERROR(INDEX(TableRBCalcPts[Custom],MATCH(TableRBRanks[[#This Row],[RK]],TableRBCalcPts[RK],0)),"") -> 252.99927 | M6: =IF(VLOOKUP(TableRBRanks[[#This Row],[Player]],'Ranks w Proj'!$Q:$AB,12,FALSE)<0,0,VLOOKUP(TableRBRanks[[#This Row],[Player]],'Ranks w Proj'!$Q:$AB,12,FALSE)) -> 22.393792 | O6: 5 | P6: =IFERROR(INDEX(TableWRCalcPts[PLAYER],MATCH(TableWRRanks[[#This Row],[RK]],TableWRCalcPts[RK],0)),"") -> George Pickens | Q6: =IFERROR(INDEX(TableWRCalcPts[TM],MATCH(TableWRRanks[[#This Row],[RK]],TableWRCalcPts[RK],0)),"") -> DAL | R6: =IFERROR(INDEX(TableWRCalcPts[BYE],MATCH(TableWRRanks[[#This Row],[RK]],TableWRCalcPts[RK],0)),"") -> 14 | S6: =IFERROR(INDEX(TableWRCalcPts[Custom],MATCH(TableWRRanks[[#This Row],[RK]],TableWRCalcPts[RK],0)),"") -> 232.51214 | T6: =IF(VLOOKUP(TableWRRanks[[#This Row],[Player]],'Ranks w Proj'!$AE:$AO,11,FALSE)<0,0,VLOOKUP(TableWRRanks[[#This Row],[Player]],'Ranks w Proj'!$AE:$AO,11,FALSE)) -> 26.72153 | V6: 5 | W6: =IFERROR(INDEX(TableTECalcPts[PLAYER],MATCH(TableTERanks[[#This Row],[RK]],TableTECalcPts[RK],0)),"") -> Sam LaPorta | X6: =IFERROR(INDEX(TableTECalcPts[TM],MATCH(TableTERanks[[#This Row],[RK]],TableTECalcPts[RK],0)),"") -> DET | Y6: =IFERROR(INDEX(TableTECalcPts[BYE],MATCH(TableTERanks[[#This Row],[RK]],TableTECalcPts[RK],0)),"") -> 6 | Z6: =IFERROR(INDEX(TableTECalcPts[Custom],MATCH(TableTERanks[[#This Row],[RK]],TableTECalcPts[RK],0)),"") -> 155.89637 | AA6: =IF(VLOOKUP(TableTERanks[[#This Row],[Player]],'Ranks w Proj'!$AR:$AZ,9,FALSE)<0,0,VLOOKUP(TableTERanks[[#This Row],[Player]],'Ranks w Proj'!$AR:$AZ,9,FALSE)) -> 14.656485 | AC6: 5 | AD6: =IFERROR(INDEX(TableDSTCalcPts[PLAYER],MATCH(TableDSTRanks[[#This Row],[RK]],TableDSTCalcPts[RK],0)),"") -> Pittsburgh Steelers | AE6: =IFERROR(INDEX(TableDSTCalcPts[BYE],MATCH(TableDSTRanks[[#This Row],[RK]],TableDSTCalcPts[RK],0)),"") -> 9 | AF6: =IFERROR(INDEX(TableDSTCalcPts[Custom],MATCH(TableDSTRanks[[#This Row],[RK]],TableDSTCalcPts[RK],0)),"") -> 137.51429 | AG6: 1
A7: 6 | B7: =IFERROR(INDEX(TableQBCalcPts[PLAYER],MATCH(TableQBRanks[[#This Row],[RK]],TableQBCalcPts[RK],0)),"") -> Brock Purdy | C7: =IFERROR(INDEX(TableQBCalcPts[TM],MATCH(TableQBRanks[[#This Row],[RK]],TableQBCalcPts[RK],0)),"") -> SF | D7: =IFERROR(INDEX(TableQBCalcPts[BYE],MATCH(TableQBRanks[[#This Row],[RK]],TableQBCalcPts[RK],0)),"") -> 8 | E7: =IFERROR(INDEX(TableQBCalcPts[Custom],MATCH(TableQBRanks[[#This Row],[RK]],TableQBCalcPts[RK],0)),"") -> 421.55037 | F7: =IF(VLOOKUP(TableQBRanks[[#This Row],[Player]],'Ranks w Proj'!$B:$N,13,FALSE)<0,0,VLOOKUP(TableQBRanks[[#This Row],[Player]],'Ranks w Proj'!$B:$N,13,FALSE)) -> 25.622802 | H7: 6 | I7: =IFERROR(INDEX(TableRBCalcPts[PLAYER],MATCH(TableRBRanks[[#This Row],[RK]],TableRBCalcPts[RK],0)),"") -> De'Von Achane | J7: =IFERROR(INDEX(TableRBCalcPts[TM],MATCH(TableRBRanks[[#This Row],[RK]],TableRBCalcPts[RK],0)),"") -> MIA | K7: =IFERROR(INDEX(TableRBCalcPts[BYE],MATCH(TableRBRanks[[#This Row],[RK]],TableRBCalcPts[RK],0)),"") -> 6 | L7: =IFERROR(INDEX(TableRBCalcPts[Custom],MATCH(TableRBRanks[[#This Row],[RK]],TableRBCalcPts[RK],0)),"") -> 249.37088 | M7: =IF(VLOOKUP(TableRBRanks[[#This Row],[Player]],'Ranks w Proj'!$Q:$AB,12,FALSE)<0,0,VLOOKUP(TableRBRanks[[#This Row],[Player]],'Ranks w Proj'!$Q:$AB,12,FALSE)) -> 21.848436 | O7: 6 | P7: =IFERROR(INDEX(TableWRCalcPts[PLAYER],MATCH(TableWRRanks[[#This Row],[RK]],TableWRCalcPts[RK],0)),"") -> Drake London | Q7: =IFERROR(INDEX(TableWRCalcPts[TM],MATCH(TableWRRanks[[#This Row],[RK]],TableWRCalcPts[RK],0)),"") -> ATL | R7: =IFERROR(INDEX(TableWRCalcPts[BYE],MATCH(TableWRRanks[[#This Row],[RK]],TableWRCalcPts[RK],0)),"") -> 11 | S7: =IFERROR(INDEX(TableWRCalcPts[Custom],MATCH(TableWRRanks[[#This Row],[RK]],TableWRCalcPts[RK],0)),"") -> 228.86491 | T7: =IF(VLOOKUP(TableWRRanks[[#This Row],[Player]],'Ranks w Proj'!$AE:$AO,11,FALSE)<0,0,VLOOKUP(TableWRRanks[[#This Row],[Player]],'Ranks w Proj'!$AE:$AO,11,FALSE)) -> 26.036295 | V7: 6 | W7: =IFERROR(INDEX(TableTECalcPts[PLAYER],MATCH(TableTERanks[[#This Row],[RK]],TableTECalcPts[RK],0)),"") -> George Kittle | X7: =IFERROR(INDEX(TableTECalcPts[TM],MATCH(TableTERanks[[#This Row],[RK]],TableTECalcPts[RK],0)),"") -> SF | Y7: =IFERROR(INDEX(TableTECalcPts[BYE],MATCH(TableTERanks[[#This Row],[RK]],TableTECalcPts[RK],0)),"") -> 8 | Z7: =IFERROR(INDEX(TableTECalcPts[Custom],MATCH(TableTERanks[[#This Row],[RK]],TableTECalcPts[RK],0)),"") -> 155.06993 | AA7: =IF(VLOOKUP(TableTERanks[[#This Row],[Player]],'Ranks w Proj'!$AR:$AZ,9,FALSE)<0,0,VLOOKUP(TableTERanks[[#This Row],[Player]],'Ranks w Proj'!$AR:$AZ,9,FALSE)) -> 14.501217 | AC7: 6 | AD7: =IFERROR(INDEX(TableDSTCalcPts[PLAYER],MATCH(TableDSTRanks[[#This Row],[RK]],TableDSTCalcPts[RK],0)),"") -> Minnesota Vikings | AE7: =IFERROR(INDEX(TableDSTCalcPts[BYE],MATCH(TableDSTRanks[[#This Row],[RK]],TableDSTCalcPts[RK],0)),"") -> 6 | AF7: =IFERROR(INDEX(TableDSTCalcPts[Custom],MATCH(TableDSTRanks[[#This Row],[RK]],TableDSTCalcPts[RK],0)),"") -> 135.89762 | AG7: 1
A8: 7 | B8: =IFERROR(INDEX(TableQBCalcPts[PLAYER],MATCH(TableQBRanks[[#This Row],[RK]],TableQBCalcPts[RK],0)),"") -> Patrick Mahomes | C8: =IFERROR(INDEX(TableQBCalcPts[TM],MATCH(TableQBRanks[[#This Row],[RK]],TableQBCalcPts[RK],0)),"") -> KC | D8: =IFERROR(INDEX(TableQBCalcPts[BYE],MATCH(TableQBRanks[[#This Row],[RK]],TableQBCalcPts[RK],0)),"") -> 5 | E8: =IFERROR(INDEX(TableQBCalcPts[Custom],MATCH(TableQBRanks[[#This Row],[RK]],TableQBCalcPts[RK],0)),"") -> 417.24225 | F8: =IF(VLOOKUP(TableQBRanks[[#This Row],[Player]],'Ranks w Proj'!$B:$N,13,FALSE)<0,0,VLOOKUP(TableQBRanks[[#This Row],[Player]],'Ranks w Proj'!$B:$N,13,FALSE)) -> 24.766975 | H8: 7 | I8: =IFERROR(INDEX(TableRBCalcPts[PLAYER],MATCH(TableRBRanks[[#This Row],[RK]],TableRBCalcPts[RK],0)),"") -> Chase Brown | J8: =IFERROR(INDEX(TableRBCalcPts[TM],MATCH(TableRBRanks[[#This Row],[RK]],TableRBCalcPts[RK],0)),"") -> CIN | K8: =IFERROR(INDEX(TableRBCalcPts[BYE],MATCH(TableRBRanks[[#This Row],[RK]],TableRBCalcPts[RK],0)),"") -> 6 | L8: =IFERROR(INDEX(TableRBCalcPts[Custom],MATCH(TableRBRanks[[#This Row],[RK]],TableRBCalcPts[RK],0)),"") -> 248.68447 | M8: =IF(VLOOKUP(TableRBRanks[[#This Row],[Player]],'Ranks w Proj'!$Q:$AB,12,FALSE)<0,0,VLOOKUP(TableRBRanks[[#This Row],[Player]],'Ranks w Proj'!$Q:$AB,12,FALSE)) -> 21.745267 | O8: 7 | P8: =IFERROR(INDEX(TableWRCalcPts[PLAYER],MATCH(TableWRRanks[[#This Row],[RK]],TableWRCalcPts[RK],0)),"") -> Justin Jefferson | Q8: =IFERROR(INDEX(TableWRCalcPts[TM],MATCH(TableWRRanks[[#This Row],[RK]],TableWRCalcPts[RK],0)),"") -> MIN | R8: =IFERROR(INDEX(TableWRCalcPts[BYE],MATCH(TableWRRanks[[#This Row],[RK]],TableWRCalcPts[RK],0)),"") -> 6 | S8: =IFERROR(INDEX(TableWRCalcPts[Custom],MATCH(TableWRRanks[[#This Row],[RK]],TableWRCalcPts[RK],0)),"") -> 223.24741 | T8: =IF(VLOOKUP(TableWRRanks[[#This Row],[Player]],'Ranks w Proj'!$AE:$AO,11,FALSE)<0,0,VLOOKUP(TableWRRanks[[#This Row],[Player]],'Ranks w Proj'!$AE:$AO,11,FALSE)) -> 24.980889 | V8: 7 | W8: =IFERROR(INDEX(TableTECalcPts[PLAYER],MATCH(TableTERanks[[#This Row],[RK]],TableTECalcPts[RK],0)),"") -> Harold Fannin | X8: =IFERROR(INDEX(TableTECalcPts[TM],MATCH(TableTERanks[[#This Row],[RK]],TableTECalcPts[RK],0)),"") -> CLE | Y8: =IFERROR(INDEX(TableTECalcPts[BYE],MATCH(TableTERanks[[#This Row],[RK]],TableTECalcPts[RK],0)),"") -> 11 | Z8: =IFERROR(INDEX(TableTECalcPts[Custom],MATCH(TableTERanks[[#This Row],[RK]],TableTECalcPts[RK],0)),"") -> 154.01103 | AA8: =IF(VLOOKUP(TableTERanks[[#This Row],[Player]],'Ranks w Proj'!$AR:$AZ,9,FALSE)<0,0,VLOOKUP(TableTERanks[[#This Row],[Player]],'Ranks w Proj'!$AR:$AZ,9,FALSE)) -> 14.302271 | AC8: 7 | AD8: =IFERROR(INDEX(TableDSTCalcPts[PLAYER],MATCH(TableDSTRanks[[#This Row],[RK]],TableDSTCalcPts[RK],0)),"") -> Chicago Bears | AE8: =IFERROR(INDEX(TableDSTCalcPts[BYE],MATCH(TableDSTRanks[[#This Row],[RK]],TableDSTCalcPts[RK],0)),"") -> 10 | AF8: =IFERROR(INDEX(TableDSTCalcPts[Custom],MATCH(TableDSTRanks[[#This Row],[RK]],TableDSTCalcPts[RK],0)),"") -> 129.67381 | AG8: 1
A9: 8 | B9: =IFERROR(INDEX(TableQBCalcPts[PLAYER],MATCH(TableQBRanks[[#This Row],[RK]],TableQBCalcPts[RK],0)),"") -> Jared Goff | C9: =IFERROR(INDEX(TableQBCalcPts[TM],MATCH(TableQBRanks[[#This Row],[RK]],TableQBCalcPts[RK],0)),"") -> DET | D9: =IFERROR(INDEX(TableQBCalcPts[BYE],MATCH(TableQBRanks[[#This Row],[RK]],TableQBCalcPts[RK],0)),"") -> 6 | E9: =IFERROR(INDEX(TableQBCalcPts[Custom],MATCH(TableQBRanks[[#This Row],[RK]],TableQBCalcPts[RK],0)),"") -> 415.16834 | F9: =IF(VLOOKUP(TableQBRanks[[#This Row],[Player]],'Ranks w Proj'!$B:$N,13,FALSE)<0,0,VLOOKUP(TableQBRanks[[#This Row],[Player]],'Ranks w Proj'!$B:$N,13,FALSE)) -> 23.845131 | H9: 8 | I9: =IFERROR(INDEX(TableRBCalcPts[PLAYER],MATCH(TableRBRanks[[#This Row],[RK]],TableRBCalcPts[RK],0)),"") -> Derrick Henry | J9: =IFERROR(INDEX(TableRBCalcPts[TM],MATCH(TableRBRanks[[#This Row],[RK]],TableRBCalcPts[RK],0)),"") -> BAL | K9: =IFERROR(INDEX(TableRBCalcPts[BYE],MATCH(TableRBRanks[[#This Row],[RK]],TableRBCalcPts[RK],0)),"") -> 13 | L9: =IFERROR(INDEX(TableRBCalcPts[Custom],MATCH(TableRBRanks[[#This Row],[RK]],TableRBCalcPts[RK],0)),"") -> 240.8159 | M9: =IF(VLOOKUP(TableRBRanks[[#This Row],[Player]],'Ranks w Proj'!$Q:$AB,12,FALSE)<0,0,VLOOKUP(TableRBRanks[[#This Row],[Player]],'Ranks w Proj'!$Q:$AB,12,FALSE)) -> 20.562601 | O9: 8 | P9: =IFERROR(INDEX(TableWRCalcPts[PLAYER],MATCH(TableWRRanks[[#This Row],[RK]],TableWRCalcPts[RK],0)),"") -> CeeDee Lamb | Q9: =IFERROR(INDEX(TableWRCalcPts[TM],MATCH(TableWRRanks[[#This Row],[RK]],TableWRCalcPts[RK],0)),"") -> DAL | R9: =IFERROR(INDEX(TableWRCalcPts[BYE],MATCH(TableWRRanks[[#This Row],[RK]],TableWRCalcPts[RK],0)),"") -> 14 | S9: =IFERROR(INDEX(TableWRCalcPts[Custom],MATCH(TableWRRanks[[#This Row],[RK]],TableWRCalcPts[RK],0)),"") -> 223.24357 | T9: =IF(VLOOKUP(TableWRRanks[[#This Row],[Player]],'Ranks w Proj'!$AE:$AO,11,FALSE)<0,0,VLOOKUP(TableWRRanks[[#This Row],[Player]],'Ranks w Proj'!$AE:$AO,11,FALSE)) -> 24.980169 | V9: 8 | W9: =IFERROR(INDEX(TableTECalcPts[PLAYER],MATCH(TableTERanks[[#This Row],[RK]],TableTECalcPts[RK],0)),"") -> Tucker Kraft | X9: =IFERROR(INDEX(TableTECalcPts[TM],MATCH(TableTERanks[[#This Row],[RK]],TableTECalcPts[RK],0)),"") -> GB | Y9: =IFERROR(INDEX(TableTECalcPts[BYE],MATCH(TableTERanks[[#This Row],[RK]],TableTECalcPts[RK],0)),"") -> 11 | Z9: =IFERROR(INDEX(TableTECalcPts[Custom],MATCH(TableTERanks[[#This Row],[RK]],TableTECalcPts[RK],0)),"") -> 153.12367 | AA9: =IF(VLOOKUP(TableTERanks[[#This Row],[Player]],'Ranks w Proj'!$AR:$AZ,9,FALSE)<0,0,VLOOKUP(TableTERanks[[#This Row],[Player]],'Ranks w Proj'!$AR:$AZ,9,FALSE)) -> 14.135557 | AC9: 8 | AD9: =IFERROR(INDEX(TableDSTCalcPts[PLAYER],MATCH(TableDSTRanks[[#This Row],[RK]],TableDSTCalcPts[RK],0)),"") -> Philadelphia Eagles | AE9: =IFERROR(INDEX(TableDSTCalcPts[BYE],MATCH(TableDSTRanks[[#This Row],[RK]],TableDSTCalcPts[RK],0)),"") -> 10 | AF9: =IFERROR(INDEX(TableDSTCalcPts[Custom],MATCH(TableDSTRanks[[#This Row],[RK]],TableDSTCalcPts[RK],0)),"") -> 127.72381 | AG9: 1
A10: 9 | B10: =IFERROR(INDEX(TableQBCalcPts[PLAYER],MATCH(TableQBRanks[[#This Row],[RK]],TableQBCalcPts[RK],0)),"") -> Matthew Stafford | C10: =IFERROR(INDEX(TableQBCalcPts[TM],MATCH(TableQBRanks[[#This Row],[RK]],TableQBCalcPts[RK],0)),"") -> LAR | D10: =IFERROR(INDEX(TableQBCalcPts[BYE],MATCH(TableQBRanks[[#This Row],[RK]],TableQBCalcPts[RK],0)),"") -> 11 | E10: =IFERROR(INDEX(TableQBCalcPts[Custom],MATCH(TableQBRanks[[#This Row],[RK]],TableQBCalcPts[RK],0)),"") -> 414.58253 | F10: =IF(VLOOKUP(TableQBRanks[[#This Row],[Player]],'Ranks w Proj'!$B:$N,13,FALSE)<0,0,VLOOKUP(TableQBRanks[[#This Row],[Player]],'Ranks w Proj'!$B:$N,13,FALSE)) -> 23.277173 | H10: 9 | I10: =IFERROR(INDEX(TableRBCalcPts[PLAYER],MATCH(TableRBRanks[[#This Row],[RK]],TableRBCalcPts[RK],0)),"") -> Saquon Barkley | J10: =IFERROR(INDEX(TableRBCalcPts[TM],MATCH(TableRBRanks[[#This Row],[RK]],TableRBCalcPts[RK],0)),"") -> PHI | K10: =IFERROR(INDEX(TableRBCalcPts[BYE],MATCH(TableRBRanks[[#This Row],[RK]],TableRBCalcPts[RK],0)),"") -> 10 | L10: =IFERROR(INDEX(TableRBCalcPts[Custom],MATCH(TableRBRanks[[#This Row],[RK]],TableRBCalcPts[RK],0)),"") -> 234.04588 | M10: =IF(VLOOKUP(TableRBRanks[[#This Row],[Player]],'Ranks w Proj'!$Q:$AB,12,FALSE)<0,0,VLOOKUP(TableRBRanks[[#This Row],[Player]],'Ranks w Proj'!$Q:$AB,12,FALSE)) -> 19.54505 | O10: 9 | P10: =IFERROR(INDEX(TableWRCalcPts[PLAYER],MATCH(TableWRRanks[[#This Row],[RK]],TableWRCalcPts[RK],0)),"") -> A.J. Brown | Q10: =IFERROR(INDEX(TableWRCalcPts[TM],MATCH(TableWRRanks[[#This Row],[RK]],TableWRCalcPts[RK],0)),"") -> NE | R10: =IFERROR(INDEX(TableWRCalcPts[BYE],MATCH(TableWRRanks[[#This Row],[RK]],TableWRCalcPts[RK],0)),"") -> 11 | S10: =IFERROR(INDEX(TableWRCalcPts[Custom],MATCH(TableWRRanks[[#This Row],[RK]],TableWRCalcPts[RK],0)),"") -> 221.005 | T10: =IF(VLOOKUP(TableWRRanks[[#This Row],[Player]],'Ranks w Proj'!$AE:$AO,11,FALSE)<0,0,VLOOKUP(TableWRRanks[[#This Row],[Player]],'Ranks w Proj'!$AE:$AO,11,FALSE)) -> 24.559591 | V10: 9 | W10: =IFERROR(INDEX(TableTECalcPts[PLAYER],MATCH(TableTERanks[[#This Row],[RK]],TableTECalcPts[RK],0)),"") -> Isaiah Likely | X10: =IFERROR(INDEX(TableTECalcPts[TM],MATCH(TableTERanks[[#This Row],[RK]],TableTECalcPts[RK],0)),"") -> NYG | Y10: =IFERROR(INDEX(TableTECalcPts[BYE],MATCH(TableTERanks[[#This Row],[RK]],TableTECalcPts[RK],0)),"") -> 8 | Z10: =IFERROR(INDEX(TableTECalcPts[Custom],MATCH(TableTERanks[[#This Row],[RK]],TableTECalcPts[RK],0)),"") -> 148.8925 | AA10: =IF(VLOOKUP(TableTERanks[[#This Row],[Player]],'Ranks w Proj'!$AR:$AZ,9,FALSE)<0,0,VLOOKUP(TableTERanks[[#This Row],[Player]],'Ranks w Proj'!$AR:$AZ,9,FALSE)) -> 13.340611 | AC10: 9 | AD10: =IFERROR(INDEX(TableDSTCalcPts[PLAYER],MATCH(TableDSTRanks[[#This Row],[RK]],TableDSTCalcPts[RK],0)),"") -> Los Angeles Chargers | AE10: =IFERROR(INDEX(TableDSTCalcPts[BYE],MATCH(TableDSTRanks[[#This Row],[RK]],TableDSTCalcPts[RK],0)),"") -> 7 | AF10: =IFERROR(INDEX(TableDSTCalcPts[Custom],MATCH(TableDSTRanks[[#This Row],[RK]],TableDSTCalcPts[RK],0)),"") -> 127.49048 | AG10: 1
A11: 10 | B11: =IFERROR(INDEX(TableQBCalcPts[PLAYER],MATCH(TableQBRanks[[#This Row],[RK]],TableQBCalcPts[RK],0)),"") -> Jalen Hurts | C11: =IFERROR(INDEX(TableQBCalcPts[TM],MATCH(TableQBRanks[[#This Row],[RK]],TableQBCalcPts[RK],0)),"") -> PHI | D11: =IFERROR(INDEX(TableQBCalcPts[BYE],MATCH(TableQBRanks[[#This Row],[RK]],TableQBCalcPts[RK],0)),"") -> 10 | E11: =IFERROR(INDEX(TableQBCalcPts[Custom],MATCH(TableQBRanks[[#This Row],[RK]],TableQBCalcPts[RK],0)),"") -> 411.78413 | F11: =IF(VLOOKUP(TableQBRanks[[#This Row],[Player]],'Ranks w Proj'!$B:$N,13,FALSE)<0,0,VLOOKUP(TableQBRanks[[#This Row],[Player]],'Ranks w Proj'!$B:$N,13,FALSE)) -> 22.694226 | H11: 10 | I11: =IFERROR(INDEX(TableRBCalcPts[PLAYER],MATCH(TableRBRanks[[#This Row],[RK]],TableRBCalcPts[RK],0)),"") -> Kenneth Walker | J11: =IFERROR(INDEX(TableRBCalcPts[TM],MATCH(TableRBRanks[[#This Row],[RK]],TableRBCalcPts[RK],0)),"") -> KC | K11: =IFERROR(INDEX(TableRBCalcPts[BYE],MATCH(TableRBRanks[[#This Row],[RK]],TableRBCalcPts[RK],0)),"") -> 5 | L11: =IFERROR(INDEX(TableRBCalcPts[Custom],MATCH(TableRBRanks[[#This Row],[RK]],TableRBCalcPts[RK],0)),"") -> 233.20035 | M11: =IF(VLOOKUP(TableRBRanks[[#This Row],[Player]],'Ranks w Proj'!$Q:$AB,12,FALSE)<0,0,VLOOKUP(TableRBRanks[[#This Row],[Player]],'Ranks w Proj'!$Q:$AB,12,FALSE)) -> 19.417964 | O11: 10 | P11: =IFERROR(INDEX(TableWRCalcPts[PLAYER],MATCH(TableWRRanks[[#This Row],[RK]],TableWRCalcPts[RK],0)),"") -> Nico Collins | Q11: =IFERROR(INDEX(TableWRCalcPts[TM],MATCH(TableWRRanks[[#This Row],[RK]],TableWRCalcPts[RK],0)),"") -> HOU | R11: =IFERROR(INDEX(TableWRCalcPts[BYE],MATCH(TableWRRanks[[#This Row],[RK]],TableWRCalcPts[RK],0)),"") -> 8 | S11: =IFERROR(INDEX(TableWRCalcPts[Custom],MATCH(TableWRRanks[[#This Row],[RK]],TableWRCalcPts[RK],0)),"") -> 212.48861 | T11: =IF(VLOOKUP(TableWRRanks[[#This Row],[Player]],'Ranks w Proj'!$AE:$AO,11,FALSE)<0,0,VLOOKUP(TableWRRanks[[#This Row],[Player]],'Ranks w Proj'!$AE:$AO,11,FALSE)) -> 22.959546 | V11: 10 | W11: =IFERROR(INDEX(TableTECalcPts[PLAYER],MATCH(TableTERanks[[#This Row],[RK]],TableTECalcPts[RK],0)),"") -> Travis Kelce | X11: =IFERROR(INDEX(TableTECalcPts[TM],MATCH(TableTERanks[[#This Row],[RK]],TableTECalcPts[RK],0)),"") -> KC | Y11: =IFERROR(INDEX(TableTECalcPts[BYE],MATCH(TableTERanks[[#This Row],[RK]],TableTECalcPts[RK],0)),"") -> 5 | Z11: =IFERROR(INDEX(TableTECalcPts[Custom],MATCH(TableTERanks[[#This Row],[RK]],TableTECalcPts[RK],0)),"") -> 147.70318 | AA11: =IF(VLOOKUP(TableTERanks[[#This Row],[Player]],'Ranks w Proj'!$AR:$AZ,9,FALSE)<0,0,VLOOKUP(TableTERanks[[#This Row],[Player]],'Ranks w Proj'!$AR:$AZ,9,FALSE)) -> 13.117163 | AC11: 10 | AD11: =IFERROR(INDEX(TableDSTCalcPts[PLAYER],MATCH(TableDSTRanks[[#This Row],[RK]],TableDSTCalcPts[RK],0)),"") -> Jacksonville Jaguars | AE11: =IFERROR(INDEX(TableDSTCalcPts[BYE],MATCH(TableDSTRanks[[#This Row],[RK]],TableDSTCalcPts[RK],0)),"") -> 7 | AF11: =IFERROR(INDEX(TableDSTCalcPts[Custom],MATCH(TableDSTRanks[[#This Row],[RK]],TableDSTCalcPts[RK],0)),"") -> 126.90476 | AG11: 1
A12: 11 | B12: =IFERROR(INDEX(TableQBCalcPts[PLAYER],MATCH(TableQBRanks[[#This Row],[RK]],TableQBCalcPts[RK],0)),"") -> Trevor Lawrence | C12: =IFERROR(INDEX(TableQBCalcPts[TM],MATCH(TableQBRanks[[#This Row],[RK]],TableQBCalcPts[RK],0)),"") -> JAX | D12: =IFERROR(INDEX(TableQBCalcPts[BYE],MATCH(TableQBRanks[[#This Row],[RK]],TableQBCalcPts[RK],0)),"") -> 7 | E12: =IFERROR(INDEX(TableQBCalcPts[Custom],MATCH(TableQBRanks[[#This Row],[RK]],TableQBCalcPts[RK],0)),"") -> 409.37929 | F12: =IF(VLOOKUP(TableQBRanks[[#This Row],[Player]],'Ranks w Proj'!$B:$N,13,FALSE)<0,0,VLOOKUP(TableQBRanks[[#This Row],[Player]],'Ranks w Proj'!$B:$N,13,FALSE)) -> 22.234056 | H12: 11 | I12: =IFERROR(INDEX(TableRBCalcPts[PLAYER],MATCH(TableRBRanks[[#This Row],[RK]],TableRBCalcPts[RK],0)),"") -> Omarion Hampton | J12: =IFERROR(INDEX(TableRBCalcPts[TM],MATCH(TableRBRanks[[#This Row],[RK]],TableRBCalcPts[RK],0)),"") -> LAC | K12: =IFERROR(INDEX(TableRBCalcPts[BYE],MATCH(TableRBRanks[[#This Row],[RK]],TableRBCalcPts[RK],0)),"") -> 7 | L12: =IFERROR(INDEX(TableRBCalcPts[Custom],MATCH(TableRBRanks[[#This Row],[RK]],TableRBCalcPts[RK],0)),"") -> 233.07684 | M12: =IF(VLOOKUP(TableRBRanks[[#This Row],[Player]],'Ranks w Proj'!$Q:$AB,12,FALSE)<0,0,VLOOKUP(TableRBRanks[[#This Row],[Player]],'Ranks w Proj'!$Q:$AB,12,FALSE)) -> 19.3994 | O12: 11 | P12: =IFERROR(INDEX(TableWRCalcPts[PLAYER],MATCH(TableWRRanks[[#This Row],[RK]],TableWRCalcPts[RK],0)),"") -> Tee Higgins | Q12: =IFERROR(INDEX(TableWRCalcPts[TM],MATCH(TableWRRanks[[#This Row],[RK]],TableWRCalcPts[RK],0)),"") -> CIN | R12: =IFERROR(INDEX(TableWRCalcPts[BYE],MATCH(TableWRRanks[[#This Row],[RK]],TableWRCalcPts[RK],0)),"") -> 6 | S12: =IFERROR(INDEX(TableWRCalcPts[Custom],MATCH(TableWRRanks[[#This Row],[RK]],TableWRCalcPts[RK],0)),"") -> 210.32383 | T12: =IF(VLOOKUP(TableWRRanks[[#This Row],[Player]],'Ranks w Proj'!$AE:$AO,11,FALSE)<0,0,VLOOKUP(TableWRRanks[[#This Row],[Player]],'Ranks w Proj'!$AE:$AO,11,FALSE)) -> 22.552831 | V12: 11 | W12: =IFERROR(INDEX(TableTECalcPts[PLAYER],MATCH(TableTERanks[[#This Row],[RK]],TableTECalcPts[RK],0)),"") -> Kyle Pitts | X12: =IFERROR(INDEX(TableTECalcPts[TM],MATCH(TableTERanks[[#This Row],[RK]],TableTECalcPts[RK],0)),"") -> ATL | Y12: =IFERROR(INDEX(TableTECalcPts[BYE],MATCH(TableTERanks[[#This Row],[RK]],TableTECalcPts[RK],0)),"") -> 11 | Z12: =IFERROR(INDEX(TableTECalcPts[Custom],MATCH(TableTERanks[[#This Row],[RK]],TableTECalcPts[RK],0)),"") -> 141.23637 | AA12: =IF(VLOOKUP(TableTERanks[[#This Row],[Player]],'Ranks w Proj'!$AR:$AZ,9,FALSE)<0,0,VLOOKUP(TableTERanks[[#This Row],[Player]],'Ranks w Proj'!$AR:$AZ,9,FALSE)) -> 11.902192 | AC12: 11 | AD12: =IFERROR(INDEX(TableDSTCalcPts[PLAYER],MATCH(TableDSTRanks[[#This Row],[RK]],TableDSTCalcPts[RK],0)),"") -> Atlanta Falcons | AE12: =IFERROR(INDEX(TableDSTCalcPts[BYE],MATCH(TableDSTRanks[[#This Row],[RK]],TableDSTCalcPts[RK],0)),"") -> 11 | AF12: =IFERROR(INDEX(TableDSTCalcPts[Custom],MATCH(TableDSTRanks[[#This Row],[RK]],TableDSTCalcPts[RK],0)),"") -> 125.45 | AG12: 1
A13: 12 | B13: =IFERROR(INDEX(TableQBCalcPts[PLAYER],MATCH(TableQBRanks[[#This Row],[RK]],TableQBCalcPts[RK],0)),"") -> Caleb Williams | C13: =IFERROR(INDEX(TableQBCalcPts[TM],MATCH(TableQBRanks[[#This Row],[RK]],TableQBCalcPts[RK],0)),"") -> CHI | D13: =IFERROR(INDEX(TableQBCalcPts[BYE],MATCH(TableQBRanks[[#This Row],[RK]],TableQBCalcPts[RK],0)),"") -> 10 | E13: =IFERROR(INDEX(TableQBCalcPts[Custom],MATCH(TableQBRanks[[#This Row],[RK]],TableQBCalcPts[RK],0)),"") -> 406.47585 | F13: =IF(VLOOKUP(TableQBRanks[[#This Row],[Player]],'Ranks w Proj'!$B:$N,13,FALSE)<0,0,VLOOKUP(TableQBRanks[[#This Row],[Player]],'Ranks w Proj'!$B:$N,13,FALSE)) -> 21.687693 | H13: 12 | I13: =IFERROR(INDEX(TableRBCalcPts[PLAYER],MATCH(TableRBRanks[[#This Row],[RK]],TableRBCalcPts[RK],0)),"") -> Ashton Jeanty | J13: =IFERROR(INDEX(TableRBCalcPts[TM],MATCH(TableRBRanks[[#This Row],[RK]],TableRBCalcPts[RK],0)),"") -> LV | K13: =IFERROR(INDEX(TableRBCalcPts[BYE],MATCH(TableRBRanks[[#This Row],[RK]],TableRBCalcPts[RK],0)),"") -> 13 | L13: =IFERROR(INDEX(TableRBCalcPts[Custom],MATCH(TableRBRanks[[#This Row],[RK]],TableRBCalcPts[RK],0)),"") -> 233.06399 | M13: =IF(VLOOKUP(TableRBRanks[[#This Row],[Player]],'Ranks w Proj'!$Q:$AB,12,FALSE)<0,0,VLOOKUP(TableRBRanks[[#This Row],[Player]],'Ranks w Proj'!$Q:$AB,12,FALSE)) -> 19.397469 | O13: 12 | P13: =IFERROR(INDEX(TableWRCalcPts[PLAYER],MATCH(TableWRRanks[[#This Row],[RK]],TableWRCalcPts[RK],0)),"") -> Tetairoa McMillan | Q13: =IFERROR(INDEX(TableWRCalcPts[TM],MATCH(TableWRRanks[[#This Row],[RK]],TableWRCalcPts[RK],0)),"") -> CAR | R13: =IFERROR(INDEX(TableWRCalcPts[BYE],MATCH(TableWRRanks[[#This Row],[RK]],TableWRCalcPts[RK],0)),"") -> 5 | S13: =IFERROR(INDEX(TableWRCalcPts[Custom],MATCH(TableWRRanks[[#This Row],[RK]],TableWRCalcPts[RK],0)),"") -> 207.85592 | T13: =IF(VLOOKUP(TableWRRanks[[#This Row],[Player]],'Ranks w Proj'!$AE:$AO,11,FALSE)<0,0,VLOOKUP(TableWRRanks[[#This Row],[Player]],'Ranks w Proj'!$AE:$AO,11,FALSE)) -> 22.089164 | V13: 12 | W13: =IFERROR(INDEX(TableTECalcPts[PLAYER],MATCH(TableTERanks[[#This Row],[RK]],TableTECalcPts[RK],0)),"") -> Dalton Kincaid | X13: =IFERROR(INDEX(TableTECalcPts[TM],MATCH(TableTERanks[[#This Row],[RK]],TableTECalcPts[RK],0)),"") -> BUF | Y13: =IFERROR(INDEX(TableTECalcPts[BYE],MATCH(TableTERanks[[#This Row],[RK]],TableTECalcPts[RK],0)),"") -> 7 | Z13: =IFERROR(INDEX(TableTECalcPts[Custom],MATCH(TableTERanks[[#This Row],[RK]],TableTECalcPts[RK],0)),"") -> 137.45097 | AA13: =IF(VLOOKUP(TableTERanks[[#This Row],[Player]],'Ranks w Proj'!$AR:$AZ,9,FALSE)<0,0,VLOOKUP(TableTERanks[[#This Row],[Player]],'Ranks w Proj'!$AR:$AZ,9,FALSE)) -> 11.190997 | AC13: 12 | AD13: =IFERROR(INDEX(TableDSTCalcPts[PLAYER],MATCH(TableDSTRanks[[#This Row],[RK]],TableDSTCalcPts[RK],0)),"") -> Detroit Lions | AE13: =IFERROR(INDEX(TableDSTCalcPts[BYE],MATCH(TableDSTRanks[[#This Row],[RK]],TableDSTCalcPts[RK],0)),"") -> 6 | AF13: =IFERROR(INDEX(TableDSTCalcPts[Custom],MATCH(TableDSTRanks[[#This Row],[RK]],TableDSTCalcPts[RK],0)),"") -> 123.3119 | AG13: 0
... A33: 32 | B33: =IFERROR(INDEX(TableQBCalcPts[PLAYER],MATCH(TableQBRanks[[#This Row],[RK]],TableQBCalcPts[RK],0)),"") -> Shedeur Sanders | C33: =IFERROR(INDEX(TableQBCalcPts[TM],MATCH(TableQBRanks[[#This Row],[RK]],TableQBCalcPts[RK],0)),"") -> CLE | D33: =IFERROR(INDEX(TableQBCalcPts[BYE],MATCH(TableQBRanks[[#This Row],[RK]],TableQBCalcPts[RK],0)),"") -> 11 | E33: =IFERROR(INDEX(TableQBCalcPts[Custom],MATCH(TableQBRanks[[#This Row],[RK]],TableQBCalcPts[RK],0)),"") -> 156.36883 | F33: =IF(VLOOKUP(TableQBRanks[[#This Row],[Player]],'Ranks w Proj'!$B:$N,13,FALSE)<0,0,VLOOKUP(TableQBRanks[[#This Row],[Player]],'Ranks w Proj'!$B:$N,13,FALSE)) -> 0 | H33: 32 | I33: =IFERROR(INDEX(TableRBCalcPts[PLAYER],MATCH(TableRBRanks[[#This Row],[RK]],TableRBCalcPts[RK],0)),"") -> RJ Harvey | J33: =IFERROR(INDEX(TableRBCalcPts[TM],MATCH(TableRBRanks[[#This Row],[RK]],TableRBCalcPts[RK],0)),"") -> DEN | K33: =IFERROR(INDEX(TableRBCalcPts[BYE],MATCH(TableRBRanks[[#This Row],[RK]],TableRBCalcPts[RK],0)),"") -> 10 | L33: =IFERROR(INDEX(TableRBCalcPts[Custom],MATCH(TableRBRanks[[#This Row],[RK]],TableRBCalcPts[RK],0)),"") -> 166.07855 | M33: =IF(VLOOKUP(TableRBRanks[[#This Row],[Player]],'Ranks w Proj'!$Q:$AB,12,FALSE)<0,0,VLOOKUP(TableRBRanks[[#This Row],[Player]],'Ranks w Proj'!$Q:$AB,12,FALSE)) -> 9.3293868 | O33: 32 | P33: =IFERROR(INDEX(TableWRCalcPts[PLAYER],MATCH(TableWRRanks[[#This Row],[RK]],TableWRCalcPts[RK],0)),"") -> Courtland Sutton | Q33: =IFERROR(INDEX(TableWRCalcPts[TM],MATCH(TableWRRanks[[#This Row],[RK]],TableWRCalcPts[RK],0)),"") -> DEN | R33: =IFERROR(INDEX(TableWRCalcPts[BYE],MATCH(TableWRRanks[[#This Row],[RK]],TableWRCalcPts[RK],0)),"") -> 10 | S33: =IFERROR(INDEX(TableWRCalcPts[Custom],MATCH(TableWRRanks[[#This Row],[RK]],TableWRCalcPts[RK],0)),"") -> 170.42849 | T33: =IF(VLOOKUP(TableWRRanks[[#This Row],[Player]],'Ranks w Proj'!$AE:$AO,11,FALSE)<0,0,VLOOKUP(TableWRRanks[[#This Row],[Player]],'Ranks w Proj'!$AE:$AO,11,FALSE)) -> 15.057366 | V33: 32 | W33: =IFERROR(INDEX(TableTECalcPts[PLAYER],MATCH(TableTERanks[[#This Row],[RK]],TableTECalcPts[RK],0)),"") -> Evan Engram | X33: =IFERROR(INDEX(TableTECalcPts[TM],MATCH(TableTERanks[[#This Row],[RK]],TableTECalcPts[RK],0)),"") -> DEN | Y33: =IFERROR(INDEX(TableTECalcPts[BYE],MATCH(TableTERanks[[#This Row],[RK]],TableTECalcPts[RK],0)),"") -> 10 | Z33: =IFERROR(INDEX(TableTECalcPts[Custom],MATCH(TableTERanks[[#This Row],[RK]],TableTECalcPts[RK],0)),"") -> 71.134067 | AA33: =IF(VLOOKUP(TableTERanks[[#This Row],[Player]],'Ranks w Proj'!$AR:$AZ,9,FALSE)<0,0,VLOOKUP(TableTERanks[[#This Row],[Player]],'Ranks w Proj'!$AR:$AZ,9,FALSE)) -> 0 | AC33: 32 | AD33: =IFERROR(INDEX(TableDSTCalcPts[PLAYER],MATCH(TableDSTRanks[[#This Row],[RK]],TableDSTCalcPts[RK],0)),"") -> New York Jets | AE33: =IFERROR(INDEX(TableDSTCalcPts[BYE],MATCH(TableDSTRanks[[#This Row],[RK]],TableDSTCalcPts[RK],0)),"") -> 13 | AF33: =IFERROR(INDEX(TableDSTCalcPts[Custom],MATCH(TableDSTRanks[[#This Row],[RK]],TableDSTCalcPts[RK],0)),"") -> 100.11905 | AG33: 0
A34: 33 | B34: =IFERROR(INDEX(TableQBCalcPts[PLAYER],MATCH(TableQBRanks[[#This Row],[RK]],TableQBCalcPts[RK],0)),"") -> Deshaun Watson | C34: =IFERROR(INDEX(TableQBCalcPts[TM],MATCH(TableQBRanks[[#This Row],[RK]],TableQBCalcPts[RK],0)),"") -> CLE | D34: =IFERROR(INDEX(TableQBCalcPts[BYE],MATCH(TableQBRanks[[#This Row],[RK]],TableQBCalcPts[RK],0)),"") -> 11 | E34: =IFERROR(INDEX(TableQBCalcPts[Custom],MATCH(TableQBRanks[[#This Row],[RK]],TableQBCalcPts[RK],0)),"") -> 148.15984 | F34: =IF(VLOOKUP(TableQBRanks[[#This Row],[Player]],'Ranks w Proj'!$B:$N,13,FALSE)<0,0,VLOOKUP(TableQBRanks[[#This Row],[Player]],'Ranks w Proj'!$B:$N,13,FALSE)) -> 0 | H34: 33 | I34: =IFERROR(INDEX(TableRBCalcPts[PLAYER],MATCH(TableRBRanks[[#This Row],[RK]],TableRBCalcPts[RK],0)),"") -> Jaylen Warren | J34: =IFERROR(INDEX(TableRBCalcPts[TM],MATCH(TableRBRanks[[#This Row],[RK]],TableRBCalcPts[RK],0)),"") -> PIT | K34: =IFERROR(INDEX(TableRBCalcPts[BYE],MATCH(TableRBRanks[[#This Row],[RK]],TableRBCalcPts[RK],0)),"") -> 9 | L34: =IFERROR(INDEX(TableRBCalcPts[Custom],MATCH(TableRBRanks[[#This Row],[RK]],TableRBCalcPts[RK],0)),"") -> 165.4694 | M34: =IF(VLOOKUP(TableRBRanks[[#This Row],[Player]],'Ranks w Proj'!$Q:$AB,12,FALSE)<0,0,VLOOKUP(TableRBRanks[[#This Row],[Player]],'Ranks w Proj'!$Q:$AB,12,FALSE)) -> 9.237829 | O34: 33 | P34: =IFERROR(INDEX(TableWRCalcPts[PLAYER],MATCH(TableWRRanks[[#This Row],[RK]],TableWRCalcPts[RK],0)),"") -> Makai Lemon | Q34: =IFERROR(INDEX(TableWRCalcPts[TM],MATCH(TableWRRanks[[#This Row],[RK]],TableWRCalcPts[RK],0)),"") -> PHI | R34: =IFERROR(INDEX(TableWRCalcPts[BYE],MATCH(TableWRRanks[[#This Row],[RK]],TableWRCalcPts[RK],0)),"") -> 10 | S34: =IFERROR(INDEX(TableWRCalcPts[Custom],MATCH(TableWRRanks[[#This Row],[RK]],TableWRCalcPts[RK],0)),"") -> 169.40745 | T34: =IF(VLOOKUP(TableWRRanks[[#This Row],[Player]],'Ranks w Proj'!$AE:$AO,11,FALSE)<0,0,VLOOKUP(TableWRRanks[[#This Row],[Player]],'Ranks w Proj'!$AE:$AO,11,FALSE)) -> 14.865536 | V34: 33 | W34: =IFERROR(INDEX(TableTECalcPts[PLAYER],MATCH(TableTERanks[[#This Row],[RK]],TableTECalcPts[RK],0)),"") -> Mason Taylor | X34: =IFERROR(INDEX(TableTECalcPts[TM],MATCH(TableTERanks[[#This Row],[RK]],TableTECalcPts[RK],0)),"") -> NYJ | Y34: =IFERROR(INDEX(TableTECalcPts[BYE],MATCH(TableTERanks[[#This Row],[RK]],TableTECalcPts[RK],0)),"") -> 13 | Z34: =IFERROR(INDEX(TableTECalcPts[Custom],MATCH(TableTERanks[[#This Row],[RK]],TableTECalcPts[RK],0)),"") -> 64.620107 | AA34: =IF(VLOOKUP(TableTERanks[[#This Row],[Player]],'Ranks w Proj'!$AR:$AZ,9,FALSE)<0,0,VLOOKUP(TableTERanks[[#This Row],[Player]],'Ranks w Proj'!$AR:$AZ,9,FALSE)) -> 0
A35: 34 | B35: =IFERROR(INDEX(TableQBCalcPts[PLAYER],MATCH(TableQBRanks[[#This Row],[RK]],TableQBCalcPts[RK],0)),"") -> Fernando Mendoza | C35: =IFERROR(INDEX(TableQBCalcPts[TM],MATCH(TableQBRanks[[#This Row],[RK]],TableQBCalcPts[RK],0)),"") -> LV | D35: =IFERROR(INDEX(TableQBCalcPts[BYE],MATCH(TableQBRanks[[#This Row],[RK]],TableQBCalcPts[RK],0)),"") -> 13 | E35: =IFERROR(INDEX(TableQBCalcPts[Custom],MATCH(TableQBRanks[[#This Row],[RK]],TableQBCalcPts[RK],0)),"") -> 134.27768 | F35: =IF(VLOOKUP(TableQBRanks[[#This Row],[Player]],'Ranks w Proj'!$B:$N,13,FALSE)<0,0,VLOOKUP(TableQBRanks[[#This Row],[Player]],'Ranks w Proj'!$B:$N,13,FALSE)) -> 0 | H35: 34 | I35: =IFERROR(INDEX(TableRBCalcPts[PLAYER],MATCH(TableRBRanks[[#This Row],[RK]],TableRBCalcPts[RK],0)),"") -> Kyle Monangai | J35: =IFERROR(INDEX(TableRBCalcPts[TM],MATCH(TableRBRanks[[#This Row],[RK]],TableRBCalcPts[RK],0)),"") -> CHI | K35: =IFERROR(INDEX(TableRBCalcPts[BYE],MATCH(TableRBRanks[[#This Row],[RK]],TableRBCalcPts[RK],0)),"") -> 10 | L35: =IFERROR(INDEX(TableRBCalcPts[Custom],MATCH(TableRBRanks[[#This Row],[RK]],TableRBCalcPts[RK],0)),"") -> 147.64126 | M35: =IF(VLOOKUP(TableRBRanks[[#This Row],[Player]],'Ranks w Proj'!$Q:$AB,12,FALSE)<0,0,VLOOKUP(TableRBRanks[[#This Row],[Player]],'Ranks w Proj'!$Q:$AB,12,FALSE)) -> 6.5582149 | O35: 34 | P35: =IFERROR(INDEX(TableWRCalcPts[PLAYER],MATCH(TableWRRanks[[#This Row],[RK]],TableWRCalcPts[RK],0)),"") -> Jordan Addison | Q35: =IFERROR(INDEX(TableWRCalcPts[TM],MATCH(TableWRRanks[[#This Row],[RK]],TableWRCalcPts[RK],0)),"") -> MIN | R35: =IFERROR(INDEX(TableWRCalcPts[BYE],MATCH(TableWRRanks[[#This Row],[RK]],TableWRCalcPts[RK],0)),"") -> 6 | S35: =IFERROR(INDEX(TableWRCalcPts[Custom],MATCH(TableWRRanks[[#This Row],[RK]],TableWRCalcPts[RK],0)),"") -> 168.53891 | T35: =IF(VLOOKUP(TableWRRanks[[#This Row],[Player]],'Ranks w Proj'!$AE:$AO,11,FALSE)<0,0,VLOOKUP(TableWRRanks[[#This Row],[Player]],'Ranks w Proj'!$AE:$AO,11,FALSE)) -> 14.702356 | V35: 34 | W35: =IFERROR(INDEX(TableTECalcPts[PLAYER],MATCH(TableTERanks[[#This Row],[RK]],TableTECalcPts[RK],0)),"") -> Darnell Washington | X35: =IFERROR(INDEX(TableTECalcPts[TM],MATCH(TableTERanks[[#This Row],[RK]],TableTECalcPts[RK],0)),"") -> PIT | Y35: =IFERROR(INDEX(TableTECalcPts[BYE],MATCH(TableTERanks[[#This Row],[RK]],TableTECalcPts[RK],0)),"") -> 9 | Z35: =IFERROR(INDEX(TableTECalcPts[Custom],MATCH(TableTERanks[[#This Row],[RK]],TableTECalcPts[RK],0)),"") -> 63.316145 | AA35: =IF(VLOOKUP(TableTERanks[[#This Row],[Player]],'Ranks w Proj'!$AR:$AZ,9,FALSE)<0,0,VLOOKUP(TableTERanks[[#This Row],[Player]],'Ranks w Proj'!$AR:$AZ,9,FALSE)) -> 0
A36: 35 | B36: =IFERROR(INDEX(TableQBCalcPts[PLAYER],MATCH(TableQBRanks[[#This Row],[RK]],TableQBCalcPts[RK],0)),"") -> Michael Penix | C36: =IFERROR(INDEX(TableQBCalcPts[TM],MATCH(TableQBRanks[[#This Row],[RK]],TableQBCalcPts[RK],0)),"") -> ATL | D36: =IFERROR(INDEX(TableQBCalcPts[BYE],MATCH(TableQBRanks[[#This Row],[RK]],TableQBCalcPts[RK],0)),"") -> 11 | E36: =IFERROR(INDEX(TableQBCalcPts[Custom],MATCH(TableQBRanks[[#This Row],[RK]],TableQBCalcPts[RK],0)),"") -> 41.951259 | F36: =IF(VLOOKUP(TableQBRanks[[#This Row],[Player]],'Ranks w Proj'!$B:$N,13,FALSE)<0,0,VLOOKUP(TableQBRanks[[#This Row],[Player]],'Ranks w Proj'!$B:$N,13,FALSE)) -> 0 | H36: 35 | I36: =IFERROR(INDEX(TableRBCalcPts[PLAYER],MATCH(TableRBRanks[[#This Row],[RK]],TableRBCalcPts[RK],0)),"") -> Jordan Mason | J36: =IFERROR(INDEX(TableRBCalcPts[TM],MATCH(TableRBRanks[[#This Row],[RK]],TableRBCalcPts[RK],0)),"") -> MIN | K36: =IFERROR(INDEX(TableRBCalcPts[BYE],MATCH(TableRBRanks[[#This Row],[RK]],TableRBCalcPts[RK],0)),"") -> 6 | L36: =IFERROR(INDEX(TableRBCalcPts[Custom],MATCH(TableRBRanks[[#This Row],[RK]],TableRBCalcPts[RK],0)),"") -> 132.30676 | M36: =IF(VLOOKUP(TableRBRanks[[#This Row],[Player]],'Ranks w Proj'!$Q:$AB,12,FALSE)<0,0,VLOOKUP(TableRBRanks[[#This Row],[Player]],'Ranks w Proj'!$Q:$AB,12,FALSE)) -> 4.2533998 | O36: 35 | P36: =IFERROR(INDEX(TableWRCalcPts[PLAYER],MATCH(TableWRRanks[[#This Row],[RK]],TableWRCalcPts[RK],0)),"") -> Quentin Johnston | Q36: =IFERROR(INDEX(TableWRCalcPts[TM],MATCH(TableWRRanks[[#This Row],[RK]],TableWRCalcPts[RK],0)),"") -> LAC | R36: =IFERROR(INDEX(TableWRCalcPts[BYE],MATCH(TableWRRanks[[#This Row],[RK]],TableWRCalcPts[RK],0)),"") -> 7 | S36: =IFERROR(INDEX(TableWRCalcPts[Custom],MATCH(TableWRRanks[[#This Row],[RK]],TableWRCalcPts[RK],0)),"") -> 164.51076 | T36: =IF(VLOOKUP(TableWRRanks[[#This Row],[Player]],'Ranks w Proj'!$AE:$AO,11,FALSE)<0,0,VLOOKUP(TableWRRanks[[#This Row],[Player]],'Ranks w Proj'!$AE:$AO,11,FALSE)) -> 13.945555 | V36: 35 | W36: =IFERROR(INDEX(TableTECalcPts[PLAYER],MATCH(TableTERanks[[#This Row],[RK]],TableTECalcPts[RK],0)),"") -> Dawson Knox | X36: =IFERROR(INDEX(TableTECalcPts[TM],MATCH(TableTERanks[[#This Row],[RK]],TableTECalcPts[RK],0)),"") -> BUF | Y36: =IFERROR(INDEX(TableTECalcPts[BYE],MATCH(TableTERanks[[#This Row],[RK]],TableTECalcPts[RK],0)),"") -> 7 | Z36: =IFERROR(INDEX(TableTECalcPts[Custom],MATCH(TableTERanks[[#This Row],[RK]],TableTECalcPts[RK],0)),"") -> 61.473813 | AA36: =IF(VLOOKUP(TableTERanks[[#This Row],[Player]],'Ranks w Proj'!$AR:$AZ,9,FALSE)<0,0,VLOOKUP(TableTERanks[[#This Row],[Player]],'Ranks w Proj'!$AR:$AZ,9,FALSE)) -> 0
A37: 36 | B37: =IFERROR(INDEX(TableQBCalcPts[PLAYER],MATCH(TableQBRanks[[#This Row],[RK]],TableQBCalcPts[RK],0)),"") -> Anthony Richardson | C37: =IFERROR(INDEX(TableQBCalcPts[TM],MATCH(TableQBRanks[[#This Row],[RK]],TableQBCalcPts[RK],0)),"") -> IND | D37: =IFERROR(INDEX(TableQBCalcPts[BYE],MATCH(TableQBRanks[[#This Row],[RK]],TableQBCalcPts[RK],0)),"") -> 13 | E37: =IFERROR(INDEX(TableQBCalcPts[Custom],MATCH(TableQBRanks[[#This Row],[RK]],TableQBCalcPts[RK],0)),"") -> 34.144033 | F37: =IF(VLOOKUP(TableQBRanks[[#This Row],[Player]],'Ranks w Proj'!$B:$N,13,FALSE)<0,0,VLOOKUP(TableQBRanks[[#This Row],[Player]],'Ranks w Proj'!$B:$N,13,FALSE)) -> 0 | H37: 36 | I37: =IFERROR(INDEX(TableRBCalcPts[PLAYER],MATCH(TableRBRanks[[#This Row],[RK]],TableRBCalcPts[RK],0)),"") -> Blake Corum | J37: =IFERROR(INDEX(TableRBCalcPts[TM],MATCH(TableRBRanks[[#This Row],[RK]],TableRBCalcPts[RK],0)),"") -> LAR | K37: =IFERROR(INDEX(TableRBCalcPts[BYE],MATCH(TableRBRanks[[#This Row],[RK]],TableRBCalcPts[RK],0)),"") -> 11 | L37: =IFERROR(INDEX(TableRBCalcPts[Custom],MATCH(TableRBRanks[[#This Row],[RK]],TableRBCalcPts[RK],0)),"") -> 132.20471 | M37: =IF(VLOOKUP(TableRBRanks[[#This Row],[Player]],'Ranks w Proj'!$Q:$AB,12,FALSE)<0,0,VLOOKUP(TableRBRanks[[#This Row],[Player]],'Ranks w Proj'!$Q:$AB,12,FALSE)) -> 4.2380622 | O37: 36 | P37: =IFERROR(INDEX(TableWRCalcPts[PLAYER],MATCH(TableWRRanks[[#This Row],[RK]],TableWRCalcPts[RK],0)),"") -> Jordyn Tyson | Q37: =IFERROR(INDEX(TableWRCalcPts[TM],MATCH(TableWRRanks[[#This Row],[RK]],TableWRCalcPts[RK],0)),"") -> NO | R37: =IFERROR(INDEX(TableWRCalcPts[BYE],MATCH(TableWRRanks[[#This Row],[RK]],TableWRCalcPts[RK],0)),"") -> 8 | S37: =IFERROR(INDEX(TableWRCalcPts[Custom],MATCH(TableWRRanks[[#This Row],[RK]],TableWRCalcPts[RK],0)),"") -> 163.96883 | T37: =IF(VLOOKUP(TableWRRanks[[#This Row],[Player]],'Ranks w Proj'!$AE:$AO,11,FALSE)<0,0,VLOOKUP(TableWRRanks[[#This Row],[Player]],'Ranks w Proj'!$AE:$AO,11,FALSE)) -> 13.843737 | V37: 36 | W37: =IFERROR(INDEX(TableTECalcPts[PLAYER],MATCH(TableTERanks[[#This Row],[RK]],TableTECalcPts[RK],0)),"") -> Colby Parkinson | X37: =IFERROR(INDEX(TableTECalcPts[TM],MATCH(TableTERanks[[#This Row],[RK]],TableTECalcPts[RK],0)),"") -> LAR | Y37: =IFERROR(INDEX(TableTECalcPts[BYE],MATCH(TableTERanks[[#This Row],[RK]],TableTECalcPts[RK],0)),"") -> 11 | Z37: =IFERROR(INDEX(TableTECalcPts[Custom],MATCH(TableTERanks[[#This Row],[RK]],TableTECalcPts[RK],0)),"") -> 61.096126 | AA37: =IF(VLOOKUP(TableTERanks[[#This Row],[Player]],'Ranks w Proj'!$AR:$AZ,9,FALSE)<0,0,VLOOKUP(TableTERanks[[#This Row],[Player]],'Ranks w Proj'!$AR:$AZ,9,FALSE)) -> 0
A38: 37 | B38: =IFERROR(INDEX(TableQBCalcPts[PLAYER],MATCH(TableQBRanks[[#This Row],[RK]],TableQBCalcPts[RK],0)),"") -> Carson Beck | C38: =IFERROR(INDEX(TableQBCalcPts[TM],MATCH(TableQBRanks[[#This Row],[RK]],TableQBCalcPts[RK],0)),"") -> ARI | D38: =IFERROR(INDEX(TableQBCalcPts[BYE],MATCH(TableQBRanks[[#This Row],[RK]],TableQBCalcPts[RK],0)),"") -> 14 | E38: =IFERROR(INDEX(TableQBCalcPts[Custom],MATCH(TableQBRanks[[#This Row],[RK]],TableQBCalcPts[RK],0)),"") -> 22.154241 | F38: =IF(VLOOKUP(TableQBRanks[[#This Row],[Player]],'Ranks w Proj'!$B:$N,13,FALSE)<0,0,VLOOKUP(TableQBRanks[[#This Row],[Player]],'Ranks w Proj'!$B:$N,13,FALSE)) -> 0 | H38: 37 | I38: =IFERROR(INDEX(TableRBCalcPts[PLAYER],MATCH(TableRBRanks[[#This Row],[RK]],TableRBCalcPts[RK],0)),"") -> Aaron Jones | J38: =IFERROR(INDEX(TableRBCalcPts[TM],MATCH(TableRBRanks[[#This Row],[RK]],TableRBCalcPts[RK],0)),"") -> MIN | K38: =IFERROR(INDEX(TableRBCalcPts[BYE],MATCH(TableRBRanks[[#This Row],[RK]],TableRBCalcPts[RK],0)),"") -> 6 | L38: =IFERROR(INDEX(TableRBCalcPts[Custom],MATCH(TableRBRanks[[#This Row],[RK]],TableRBCalcPts[RK],0)),"") -> 130.92159 | M38: =IF(VLOOKUP(TableRBRanks[[#This Row],[Player]],'Ranks w Proj'!$Q:$AB,12,FALSE)<0,0,VLOOKUP(TableRBRanks[[#This Row],[Player]],'Ranks w Proj'!$Q:$AB,12,FALSE)) -> 4.0452048 | O38: 37 | P38: =IFERROR(INDEX(TableWRCalcPts[PLAYER],MATCH(TableWRRanks[[#This Row],[RK]],TableWRCalcPts[RK],0)),"") -> DK Metcalf | Q38: =IFERROR(INDEX(TableWRCalcPts[TM],MATCH(TableWRRanks[[#This Row],[RK]],TableWRCalcPts[RK],0)),"") -> PIT | R38: =IFERROR(INDEX(TableWRCalcPts[BYE],MATCH(TableWRRanks[[#This Row],[RK]],TableWRCalcPts[RK],0)),"") -> 9 | S38: =IFERROR(INDEX(TableWRCalcPts[Custom],MATCH(TableWRRanks[[#This Row],[RK]],TableWRCalcPts[RK],0)),"") -> 162.91606 | T38: =IF(VLOOKUP(TableWRRanks[[#This Row],[Player]],'Ranks w Proj'!$AE:$AO,11,FALSE)<0,0,VLOOKUP(TableWRRanks[[#This Row],[Player]],'Ranks w Proj'!$AE:$AO,11,FALSE)) -> 13.645944 | V38: 37 | W38: =IFERROR(INDEX(TableTECalcPts[PLAYER],MATCH(TableTERanks[[#This Row],[RK]],TableTECalcPts[RK],0)),"") -> Ja'Tavion Sanders | X38: =IFERROR(INDEX(TableTECalcPts[TM],MATCH(TableTERanks[[#This Row],[RK]],TableTECalcPts[RK],0)),"") -> CAR | Y38: =IFERROR(INDEX(TableTECalcPts[BYE],MATCH(TableTERanks[[#This Row],[RK]],TableTECalcPts[RK],0)),"") -> 5 | Z38: =IFERROR(INDEX(TableTECalcPts[Custom],MATCH(TableTERanks[[#This Row],[RK]],TableTECalcPts[RK],0)),"") -> 52.13649 | AA38: =IF(VLOOKUP(TableTERanks[[#This Row],[Player]],'Ranks w Proj'!$AR:$AZ,9,FALSE)<0,0,VLOOKUP(TableTERanks[[#This Row],[Player]],'Ranks w Proj'!$AR:$AZ,9,FALSE)) -> 0
A39: 38 | B39: =IFERROR(INDEX(TableQBCalcPts[PLAYER],MATCH(TableQBRanks[[#This Row],[RK]],TableQBCalcPts[RK],0)),"") -> Justin Fields | C39: =IFERROR(INDEX(TableQBCalcPts[TM],MATCH(TableQBRanks[[#This Row],[RK]],TableQBCalcPts[RK],0)),"") -> KC | D39: =IFERROR(INDEX(TableQBCalcPts[BYE],MATCH(TableQBRanks[[#This Row],[RK]],TableQBCalcPts[RK],0)),"") -> 5 | E39: =IFERROR(INDEX(TableQBCalcPts[Custom],MATCH(TableQBRanks[[#This Row],[RK]],TableQBCalcPts[RK],0)),"") -> 20.709035 | F39: =IF(VLOOKUP(TableQBRanks[[#This Row],[Player]],'Ranks w Proj'!$B:$N,13,FALSE)<0,0,VLOOKUP(TableQBRanks[[#This Row],[Player]],'Ranks w Proj'!$B:$N,13,FALSE)) -> 0 | H39: 38 | I39: =IFERROR(INDEX(TableRBCalcPts[PLAYER],MATCH(TableRBRanks[[#This Row],[RK]],TableRBCalcPts[RK],0)),"") -> Jonathon Brooks | J39: =IFERROR(INDEX(TableRBCalcPts[TM],MATCH(TableRBRanks[[#This Row],[RK]],TableRBCalcPts[RK],0)),"") -> CAR | K39: =IFERROR(INDEX(TableRBCalcPts[BYE],MATCH(TableRBRanks[[#This Row],[RK]],TableRBCalcPts[RK],0)),"") -> 5 | L39: =IFERROR(INDEX(TableRBCalcPts[Custom],MATCH(TableRBRanks[[#This Row],[RK]],TableRBCalcPts[RK],0)),"") -> 126.32116 | M39: =IF(VLOOKUP(TableRBRanks[[#This Row],[Player]],'Ranks w Proj'!$Q:$AB,12,FALSE)<0,0,VLOOKUP(TableRBRanks[[#This Row],[Player]],'Ranks w Proj'!$Q:$AB,12,FALSE)) -> 3.353749 | O39: 38 | P39: =IFERROR(INDEX(TableWRCalcPts[PLAYER],MATCH(TableWRRanks[[#This Row],[RK]],TableWRCalcPts[RK],0)),"") -> Michael Pittman | Q39: =IFERROR(INDEX(TableWRCalcPts[TM],MATCH(TableWRRanks[[#This Row],[RK]],TableWRCalcPts[RK],0)),"") -> PIT | R39: =IFERROR(INDEX(TableWRCalcPts[BYE],MATCH(TableWRRanks[[#This Row],[RK]],TableWRCalcPts[RK],0)),"") -> 9 | S39: =IFERROR(INDEX(TableWRCalcPts[Custom],MATCH(TableWRRanks[[#This Row],[RK]],TableWRCalcPts[RK],0)),"") -> 161.35338 | T39: =IF(VLOOKUP(TableWRRanks[[#This Row],[Player]],'Ranks w Proj'!$AE:$AO,11,FALSE)<0,0,VLOOKUP(TableWRRanks[[#This Row],[Player]],'Ranks w Proj'!$AE:$AO,11,FALSE)) -> 13.352352 | V39: 38 | W39: =IFERROR(INDEX(TableTECalcPts[PLAYER],MATCH(TableTERanks[[#This Row],[RK]],TableTECalcPts[RK],0)),"") -> Eli Raridon | X39: =IFERROR(INDEX(TableTECalcPts[TM],MATCH(TableTERanks[[#This Row],[RK]],TableTECalcPts[RK],0)),"") -> NE | Y39: =IFERROR(INDEX(TableTECalcPts[BYE],MATCH(TableTERanks[[#This Row],[RK]],TableTECalcPts[RK],0)),"") -> 11 | Z39: =IFERROR(INDEX(TableTECalcPts[Custom],MATCH(TableTERanks[[#This Row],[RK]],TableTECalcPts[RK],0)),"") -> 50.38664 | AA39: =IF(VLOOKUP(TableTERanks[[#This Row],[Player]],'Ranks w Proj'!$AR:$AZ,9,FALSE)<0,0,VLOOKUP(TableTERanks[[#This Row],[Player]],'Ranks w Proj'!$AR:$AZ,9,FALSE)) -> 0
A40: 39 | B40: =IFERROR(INDEX(TableQBCalcPts[PLAYER],MATCH(TableQBRanks[[#This Row],[RK]],TableQBCalcPts[RK],0)),"") -> Marcus Mariota | C40: =IFERROR(INDEX(TableQBCalcPts[TM],MATCH(TableQBRanks[[#This Row],[RK]],TableQBCalcPts[RK],0)),"") -> WSH | D40: =IFERROR(INDEX(TableQBCalcPts[BYE],MATCH(TableQBRanks[[#This Row],[RK]],TableQBCalcPts[RK],0)),"") -> 7 | E40: =IFERROR(INDEX(TableQBCalcPts[Custom],MATCH(TableQBRanks[[#This Row],[RK]],TableQBCalcPts[RK],0)),"") -> 20.087651 | F40: =IF(VLOOKUP(TableQBRanks[[#This Row],[Player]],'Ranks w Proj'!$B:$N,13,FALSE)<0,0,VLOOKUP(TableQBRanks[[#This Row],[Player]],'Ranks w Proj'!$B:$N,13,FALSE)) -> 0 | H40: 39 | I40: =IFERROR(INDEX(TableRBCalcPts[PLAYER],MATCH(TableRBRanks[[#This Row],[RK]],TableRBCalcPts[RK],0)),"") -> Rachaad White | J40: =IFERROR(INDEX(TableRBCalcPts[TM],MATCH(TableRBRanks[[#This Row],[RK]],TableRBCalcPts[RK],0)),"") -> WSH | K40: =IFERROR(INDEX(TableRBCalcPts[BYE],MATCH(TableRBRanks[[#This Row],[RK]],TableRBCalcPts[RK],0)),"") -> 7 | L40: =IFERROR(INDEX(TableRBCalcPts[Custom],MATCH(TableRBRanks[[#This Row],[RK]],TableRBCalcPts[RK],0)),"") -> 124.03637 | M40: =IF(VLOOKUP(TableRBRanks[[#This Row],[Player]],'Ranks w Proj'!$Q:$AB,12,FALSE)<0,0,VLOOKUP(TableRBRanks[[#This Row],[Player]],'Ranks w Proj'!$Q:$AB,12,FALSE)) -> 3.0103393 | O40: 39 | P40: =IFERROR(INDEX(TableWRCalcPts[PLAYER],MATCH(TableWRRanks[[#This Row],[RK]],TableWRCalcPts[RK],0)),"") -> Marvin Harrison | Q40: =IFERROR(INDEX(TableWRCalcPts[TM],MATCH(TableWRRanks[[#This Row],[RK]],TableWRCalcPts[RK],0)),"") -> ARI | R40: =IFERROR(INDEX(TableWRCalcPts[BYE],MATCH(TableWRRanks[[#This Row],[RK]],TableWRCalcPts[RK],0)),"") -> 14 | S40: =IFERROR(INDEX(TableWRCalcPts[Custom],MATCH(TableWRRanks[[#This Row],[RK]],TableWRCalcPts[RK],0)),"") -> 159.0076 | T40: =IF(VLOOKUP(TableWRRanks[[#This Row],[Player]],'Ranks w Proj'!$AE:$AO,11,FALSE)<0,0,VLOOKUP(TableWRRanks[[#This Row],[Player]],'Ranks w Proj'!$AE:$AO,11,FALSE)) -> 12.911631 | V40: 39 | W40: =IFERROR(INDEX(TableTECalcPts[PLAYER],MATCH(TableTERanks[[#This Row],[RK]],TableTECalcPts[RK],0)),"") -> Noah Gray | X40: =IFERROR(INDEX(TableTECalcPts[TM],MATCH(TableTERanks[[#This Row],[RK]],TableTECalcPts[RK],0)),"") -> KC | Y40: =IFERROR(INDEX(TableTECalcPts[BYE],MATCH(TableTERanks[[#This Row],[RK]],TableTECalcPts[RK],0)),"") -> 5 | Z40: =IFERROR(INDEX(TableTECalcPts[Custom],MATCH(TableTERanks[[#This Row],[RK]],TableTECalcPts[RK],0)),"") -> 49.391674 | AA40: =IF(VLOOKUP(TableTERanks[[#This Row],[Player]],'Ranks w Proj'!$AR:$AZ,9,FALSE)<0,0,VLOOKUP(TableTERanks[[#This Row],[Player]],'Ranks w Proj'!$AR:$AZ,9,FALSE)) -> 0
A41: 40 | B41: =IFERROR(INDEX(TableQBCalcPts[PLAYER],MATCH(TableQBRanks[[#This Row],[RK]],TableQBCalcPts[RK],0)),"") -> Joe Flacco | C41: =IFERROR(INDEX(TableQBCalcPts[TM],MATCH(TableQBRanks[[#This Row],[RK]],TableQBCalcPts[RK],0)),"") -> CIN | D41: =IFERROR(INDEX(TableQBCalcPts[BYE],MATCH(TableQBRanks[[#This Row],[RK]],TableQBCalcPts[RK],0)),"") -> 6 | E41: =IFERROR(INDEX(TableQBCalcPts[Custom],MATCH(TableQBRanks[[#This Row],[RK]],TableQBCalcPts[RK],0)),"") -> 18.398349 | F41: =IF(VLOOKUP(TableQBRanks[[#This Row],[Player]],'Ranks w Proj'!$B:$N,13,FALSE)<0,0,VLOOKUP(TableQBRanks[[#This Row],[Player]],'Ranks w Proj'!$B:$N,13,FALSE)) -> 0 | H41: 40 | I41: =IFERROR(INDEX(TableRBCalcPts[PLAYER],MATCH(TableRBRanks[[#This Row],[RK]],TableRBCalcPts[RK],0)),"") -> Jacory Croskey-Merritt | J41: =IFERROR(INDEX(TableRBCalcPts[TM],MATCH(TableRBRanks[[#This Row],[RK]],TableRBCalcPts[RK],0)),"") -> WSH | K41: =IFERROR(INDEX(TableRBCalcPts[BYE],MATCH(TableRBRanks[[#This Row],[RK]],TableRBCalcPts[RK],0)),"") -> 7 | L41: =IFERROR(INDEX(TableRBCalcPts[Custom],MATCH(TableRBRanks[[#This Row],[RK]],TableRBCalcPts[RK],0)),"") -> 123.72242 | M41: =IF(VLOOKUP(TableRBRanks[[#This Row],[Player]],'Ranks w Proj'!$Q:$AB,12,FALSE)<0,0,VLOOKUP(TableRBRanks[[#This Row],[Player]],'Ranks w Proj'!$Q:$AB,12,FALSE)) -> 2.9631518 | O41: 40 | P41: =IFERROR(INDEX(TableWRCalcPts[PLAYER],MATCH(TableWRRanks[[#This Row],[RK]],TableWRCalcPts[RK],0)),"") -> Jayden Higgins | Q41: =IFERROR(INDEX(TableWRCalcPts[TM],MATCH(TableWRRanks[[#This Row],[RK]],TableWRCalcPts[RK],0)),"") -> HOU | R41: =IFERROR(INDEX(TableWRCalcPts[BYE],MATCH(TableWRRanks[[#This Row],[RK]],TableWRCalcPts[RK],0)),"") -> 8 | S41: =IFERROR(INDEX(TableWRCalcPts[Custom],MATCH(TableWRRanks[[#This Row],[RK]],TableWRCalcPts[RK],0)),"") -> 152.49226 | T41: =IF(VLOOKUP(TableWRRanks[[#This Row],[Player]],'Ranks w Proj'!$AE:$AO,11,FALSE)<0,0,VLOOKUP(TableWRRanks[[#This Row],[Player]],'Ranks w Proj'!$AE:$AO,11,FALSE)) -> 11.68754 | V41: 40 | W41: =IFERROR(INDEX(TableTECalcPts[PLAYER],MATCH(TableTERanks[[#This Row],[RK]],TableTECalcPts[RK],0)),"") -> Cole Kmet | X41: =IFERROR(INDEX(TableTECalcPts[TM],MATCH(TableTERanks[[#This Row],[RK]],TableTECalcPts[RK],0)),"") -> CHI | Y41: =IFERROR(INDEX(TableTECalcPts[BYE],MATCH(TableTERanks[[#This Row],[RK]],TableTECalcPts[RK],0)),"") -> 10 | Z41: =IFERROR(INDEX(TableTECalcPts[Custom],MATCH(TableTERanks[[#This Row],[RK]],TableTECalcPts[RK],0)),"") -> 47.577932 | AA41: =IF(VLOOKUP(TableTERanks[[#This Row],[Player]],'Ranks w Proj'!$AR:$AZ,9,FALSE)<0,0,VLOOKUP(TableTERanks[[#This Row],[Player]],'Ranks w Proj'!$AR:$AZ,9,FALSE)) -> 0
A42: 41 | B42: =IFERROR(INDEX(TableQBCalcPts[PLAYER],MATCH(TableQBRanks[[#This Row],[RK]],TableQBCalcPts[RK],0)),"") -> Tyler Huntley | C42: =IFERROR(INDEX(TableQBCalcPts[TM],MATCH(TableQBRanks[[#This Row],[RK]],TableQBCalcPts[RK],0)),"") -> BAL | D42: =IFERROR(INDEX(TableQBCalcPts[BYE],MATCH(TableQBRanks[[#This Row],[RK]],TableQBCalcPts[RK],0)),"") -> 13 | E42: =IFERROR(INDEX(TableQBCalcPts[Custom],MATCH(TableQBRanks[[#This Row],[RK]],TableQBCalcPts[RK],0)),"") -> 17.862363 | F42: =IF(VLOOKUP(TableQBRanks[[#This Row],[Player]],'Ranks w Proj'!$B:$N,13,FALSE)<0,0,VLOOKUP(TableQBRanks[[#This Row],[Player]],'Ranks w Proj'!$B:$N,13,FALSE)) -> 0 | H42: 41 | I42: =IFERROR(INDEX(TableRBCalcPts[PLAYER],MATCH(TableRBRanks[[#This Row],[RK]],TableRBCalcPts[RK],0)),"") -> J.K. Dobbins | J42: =IFERROR(INDEX(TableRBCalcPts[TM],MATCH(TableRBRanks[[#This Row],[RK]],TableRBCalcPts[RK],0)),"") -> DEN | K42: =IFERROR(INDEX(TableRBCalcPts[BYE],MATCH(TableRBRanks[[#This Row],[RK]],TableRBCalcPts[RK],0)),"") -> 10 | L42: =IFERROR(INDEX(TableRBCalcPts[Custom],MATCH(TableRBRanks[[#This Row],[RK]],TableRBCalcPts[RK],0)),"") -> 120.3304 | M42: =IF(VLOOKUP(TableRBRanks[[#This Row],[Player]],'Ranks w Proj'!$Q:$AB,12,FALSE)<0,0,VLOOKUP(TableRBRanks[[#This Row],[Player]],'Ranks w Proj'!$Q:$AB,12,FALSE)) -> 2.4533219 | O42: 41 | P42: =IFERROR(INDEX(TableWRCalcPts[PLAYER],MATCH(TableWRRanks[[#This Row],[RK]],TableWRCalcPts[RK],0)),"") -> Wan'Dale Robinson | Q42: =IFERROR(INDEX(TableWRCalcPts[TM],MATCH(TableWRRanks[[#This Row],[RK]],TableWRCalcPts[RK],0)),"") -> TEN | R42: =IFERROR(INDEX(TableWRCalcPts[BYE],MATCH(TableWRRanks[[#This Row],[RK]],TableWRCalcPts[RK],0)),"") -> 9 | S42: =IFERROR(INDEX(TableWRCalcPts[Custom],MATCH(TableWRRanks[[#This Row],[RK]],TableWRCalcPts[RK],0)),"") -> 152.0975 | T42: =IF(VLOOKUP(TableWRRanks[[#This Row],[Player]],'Ranks w Proj'!$AE:$AO,11,FALSE)<0,0,VLOOKUP(TableWRRanks[[#This Row],[Player]],'Ranks w Proj'!$AE:$AO,11,FALSE)) -> 11.613373 | V42: 41 | W42: =IFERROR(INDEX(TableTECalcPts[PLAYER],MATCH(TableTERanks[[#This Row],[RK]],TableTECalcPts[RK],0)),"") -> Michael Mayer | X42: =IFERROR(INDEX(TableTECalcPts[TM],MATCH(TableTERanks[[#This Row],[RK]],TableTECalcPts[RK],0)),"") -> LV | Y42: =IFERROR(INDEX(TableTECalcPts[BYE],MATCH(TableTERanks[[#This Row],[RK]],TableTECalcPts[RK],0)),"") -> 13 | Z42: =IFERROR(INDEX(TableTECalcPts[Custom],MATCH(TableTERanks[[#This Row],[RK]],TableTECalcPts[RK],0)),"") -> 46.282098 | AA42: =IF(VLOOKUP(TableTERanks[[#This Row],[Player]],'Ranks w Proj'!$AR:$AZ,9,FALSE)<0,0,VLOOKUP(TableTERanks[[#This Row],[Player]],'Ranks w Proj'!$AR:$AZ,9,FALSE)) -> 0
A43: 42 | B43: =IFERROR(INDEX(TableQBCalcPts[PLAYER],MATCH(TableQBRanks[[#This Row],[RK]],TableQBCalcPts[RK],0)),"") -> J.J. McCarthy | C43: =IFERROR(INDEX(TableQBCalcPts[TM],MATCH(TableQBRanks[[#This Row],[RK]],TableQBCalcPts[RK],0)),"") -> MIN | D43: =IFERROR(INDEX(TableQBCalcPts[BYE],MATCH(TableQBRanks[[#This Row],[RK]],TableQBCalcPts[RK],0)),"") -> 6 | E43: =IFERROR(INDEX(TableQBCalcPts[Custom],MATCH(TableQBRanks[[#This Row],[RK]],TableQBCalcPts[RK],0)),"") -> 17.659176 | F43: =IF(VLOOKUP(TableQBRanks[[#This Row],[Player]],'Ranks w Proj'!$B:$N,13,FALSE)<0,0,VLOOKUP(TableQBRanks[[#This Row],[Player]],'Ranks w Proj'!$B:$N,13,FALSE)) -> 0 | H43: 42 | I43: =IFERROR(INDEX(TableRBCalcPts[PLAYER],MATCH(TableRBRanks[[#This Row],[RK]],TableRBCalcPts[RK],0)),"") -> Emanuel Wilson | J43: =IFERROR(INDEX(TableRBCalcPts[TM],MATCH(TableRBRanks[[#This Row],[RK]],TableRBCalcPts[RK],0)),"") -> SEA | K43: =IFERROR(INDEX(TableRBCalcPts[BYE],MATCH(TableRBRanks[[#This Row],[RK]],TableRBCalcPts[RK],0)),"") -> 11 | L43: =IFERROR(INDEX(TableRBCalcPts[Custom],MATCH(TableRBRanks[[#This Row],[RK]],TableRBCalcPts[RK],0)),"") -> 113.57008 | M43: =IF(VLOOKUP(TableRBRanks[[#This Row],[Player]],'Ranks w Proj'!$Q:$AB,12,FALSE)<0,0,VLOOKUP(TableRBRanks[[#This Row],[Player]],'Ranks w Proj'!$Q:$AB,12,FALSE)) -> 1.4372298 | O43: 42 | P43: =IFERROR(INDEX(TableWRCalcPts[PLAYER],MATCH(TableWRRanks[[#This Row],[RK]],TableWRCalcPts[RK],0)),"") -> Deebo Samuel | Q43: =IFERROR(INDEX(TableWRCalcPts[TM],MATCH(TableWRRanks[[#This Row],[RK]],TableWRCalcPts[RK],0)),"") -> SF | R43: =IFERROR(INDEX(TableWRCalcPts[BYE],MATCH(TableWRRanks[[#This Row],[RK]],TableWRCalcPts[RK],0)),"") -> 8 | S43: =IFERROR(INDEX(TableWRCalcPts[Custom],MATCH(TableWRRanks[[#This Row],[RK]],TableWRCalcPts[RK],0)),"") -> 150.71516 | T43: =IF(VLOOKUP(TableWRRanks[[#This Row],[Player]],'Ranks w Proj'!$AE:$AO,11,FALSE)<0,0,VLOOKUP(TableWRRanks[[#This Row],[Player]],'Ranks w Proj'!$AE:$AO,11,FALSE)) -> 11.353662 | V43: 42 | W43: =IFERROR(INDEX(TableTECalcPts[PLAYER],MATCH(TableTERanks[[#This Row],[RK]],TableTECalcPts[RK],0)),"") -> Elijah Arroyo | X43: =IFERROR(INDEX(TableTECalcPts[TM],MATCH(TableTERanks[[#This Row],[RK]],TableTECalcPts[RK],0)),"") -> SEA | Y43: =IFERROR(INDEX(TableTECalcPts[BYE],MATCH(TableTERanks[[#This Row],[RK]],TableTECalcPts[RK],0)),"") -> 11 | Z43: =IFERROR(INDEX(TableTECalcPts[Custom],MATCH(TableTERanks[[#This Row],[RK]],TableTECalcPts[RK],0)),"") -> 41.558434 | AA43: =IF(VLOOKUP(TableTERanks[[#This Row],[Player]],'Ranks w Proj'!$AR:$AZ,9,FALSE)<0,0,VLOOKUP(TableTERanks[[#This Row],[Player]],'Ranks w Proj'!$AR:$AZ,9,FALSE)) -> 0
A44: 43 | B44: =IFERROR(INDEX(TableQBCalcPts[PLAYER],MATCH(TableQBRanks[[#This Row],[RK]],TableQBCalcPts[RK],0)),"") -> Brady Cook | C44: =IFERROR(INDEX(TableQBCalcPts[TM],MATCH(TableQBRanks[[#This Row],[RK]],TableQBCalcPts[RK],0)),"") -> NYJ | D44: =IFERROR(INDEX(TableQBCalcPts[BYE],MATCH(TableQBRanks[[#This Row],[RK]],TableQBCalcPts[RK],0)),"") -> 13 | E44: =IFERROR(INDEX(TableQBCalcPts[Custom],MATCH(TableQBRanks[[#This Row],[RK]],TableQBCalcPts[RK],0)),"") -> 16.393048 | F44: =IF(VLOOKUP(TableQBRanks[[#This Row],[Player]],'Ranks w Proj'!$B:$N,13,FALSE)<0,0,VLOOKUP(TableQBRanks[[#This Row],[Player]],'Ranks w Proj'!$B:$N,13,FALSE)) -> 0 | H44: 43 | I44: =IFERROR(INDEX(TableRBCalcPts[PLAYER],MATCH(TableRBRanks[[#This Row],[RK]],TableRBCalcPts[RK],0)),"") -> Isiah Pacheco | J44: =IFERROR(INDEX(TableRBCalcPts[TM],MATCH(TableRBRanks[[#This Row],[RK]],TableRBCalcPts[RK],0)),"") -> DET | K44: =IFERROR(INDEX(TableRBCalcPts[BYE],MATCH(TableRBRanks[[#This Row],[RK]],TableRBCalcPts[RK],0)),"") -> 6 | L44: =IFERROR(INDEX(TableRBCalcPts[Custom],MATCH(TableRBRanks[[#This Row],[RK]],TableRBCalcPts[RK],0)),"") -> 106.43067 | M44: =IF(VLOOKUP(TableRBRanks[[#This Row],[Player]],'Ranks w Proj'!$Q:$AB,12,FALSE)<0,0,VLOOKUP(TableRBRanks[[#This Row],[Player]],'Ranks w Proj'!$Q:$AB,12,FALSE)) -> 0.36415835 | O44: 43 | P44: =IFERROR(INDEX(TableWRCalcPts[PLAYER],MATCH(TableWRRanks[[#This Row],[RK]],TableWRCalcPts[RK],0)),"") -> Jayden Reed | Q44: =IFERROR(INDEX(TableWRCalcPts[TM],MATCH(TableWRRanks[[#This Row],[RK]],TableWRCalcPts[RK],0)),"") -> GB | R44: =IFERROR(INDEX(TableWRCalcPts[BYE],MATCH(TableWRRanks[[#This Row],[RK]],TableWRCalcPts[RK],0)),"") -> 11 | S44: =IFERROR(INDEX(TableWRCalcPts[Custom],MATCH(TableWRRanks[[#This Row],[RK]],TableWRCalcPts[RK],0)),"") -> 148.99904 | T44: =IF(VLOOKUP(TableWRRanks[[#This Row],[Player]],'Ranks w Proj'!$AE:$AO,11,FALSE)<0,0,VLOOKUP(TableWRRanks[[#This Row],[Player]],'Ranks w Proj'!$AE:$AO,11,FALSE)) -> 11.031241 | V44: 43 | W44: =IFERROR(INDEX(TableTECalcPts[PLAYER],MATCH(TableTERanks[[#This Row],[RK]],TableTECalcPts[RK],0)),"") -> Tommy Tremble | X44: =IFERROR(INDEX(TableTECalcPts[TM],MATCH(TableTERanks[[#This Row],[RK]],TableTECalcPts[RK],0)),"") -> CAR | Y44: =IFERROR(INDEX(TableTECalcPts[BYE],MATCH(TableTERanks[[#This Row],[RK]],TableTECalcPts[RK],0)),"") -> 5 | Z44: =IFERROR(INDEX(TableTECalcPts[Custom],MATCH(TableTERanks[[#This Row],[RK]],TableTECalcPts[RK],0)),"") -> 41.058899 | AA44: =IF(VLOOKUP(TableTERanks[[#This Row],[Player]],'Ranks w Proj'!$AR:$AZ,9,FALSE)<0,0,VLOOKUP(TableTERanks[[#This Row],[Player]],'Ranks w Proj'!$AR:$AZ,9,FALSE)) -> 0
A45: 44 | B45: =IFERROR(INDEX(TableQBCalcPts[PLAYER],MATCH(TableQBRanks[[#This Row],[RK]],TableQBCalcPts[RK],0)),"") -> Jameis Winston | C45: =IFERROR(INDEX(TableQBCalcPts[TM],MATCH(TableQBRanks[[#This Row],[RK]],TableQBCalcPts[RK],0)),"") -> NYG | D45: =IFERROR(INDEX(TableQBCalcPts[BYE],MATCH(TableQBRanks[[#This Row],[RK]],TableQBCalcPts[RK],0)),"") -> 8 | E45: =IFERROR(INDEX(TableQBCalcPts[Custom],MATCH(TableQBRanks[[#This Row],[RK]],TableQBCalcPts[RK],0)),"") -> 15.834055 | F45: =IF(VLOOKUP(TableQBRanks[[#This Row],[Player]],'Ranks w Proj'!$B:$N,13,FALSE)<0,0,VLOOKUP(TableQBRanks[[#This Row],[Player]],'Ranks w Proj'!$B:$N,13,FALSE)) -> 0 | H45: 44 | I45: =IFERROR(INDEX(TableRBCalcPts[PLAYER],MATCH(TableRBRanks[[#This Row],[RK]],TableRBCalcPts[RK],0)),"") -> Alvin Kamara | J45: =IFERROR(INDEX(TableRBCalcPts[TM],MATCH(TableRBRanks[[#This Row],[RK]],TableRBCalcPts[RK],0)),"") -> NO | K45: =IFERROR(INDEX(TableRBCalcPts[BYE],MATCH(TableRBRanks[[#This Row],[RK]],TableRBCalcPts[RK],0)),"") -> 8 | L45: =IFERROR(INDEX(TableRBCalcPts[Custom],MATCH(TableRBRanks[[#This Row],[RK]],TableRBCalcPts[RK],0)),"") -> 104.00784 | M45: =IF(VLOOKUP(TableRBRanks[[#This Row],[Player]],'Ranks w Proj'!$Q:$AB,12,FALSE)<0,0,VLOOKUP(TableRBRanks[[#This Row],[Player]],'Ranks w Proj'!$Q:$AB,12,FALSE)) -> 0 | O45: 44 | P45: =IFERROR(INDEX(TableWRCalcPts[PLAYER],MATCH(TableWRRanks[[#This Row],[RK]],TableWRCalcPts[RK],0)),"") -> Josh Downs | Q45: =IFERROR(INDEX(TableWRCalcPts[TM],MATCH(TableWRRanks[[#This Row],[RK]],TableWRCalcPts[RK],0)),"") -> IND | R45: =IFERROR(INDEX(TableWRCalcPts[BYE],MATCH(TableWRRanks[[#This Row],[RK]],TableWRCalcPts[RK],0)),"") -> 13 | S45: =IFERROR(INDEX(TableWRCalcPts[Custom],MATCH(TableWRRanks[[#This Row],[RK]],TableWRCalcPts[RK],0)),"") -> 148.75355 | T45: =IF(VLOOKUP(TableWRRanks[[#This Row],[Player]],'Ranks w Proj'!$AE:$AO,11,FALSE)<0,0,VLOOKUP(TableWRRanks[[#This Row],[Player]],'Ranks w Proj'!$AE:$AO,11,FALSE)) -> 10.985119 | V45: 44 | W45: =IFERROR(INDEX(TableTECalcPts[PLAYER],MATCH(TableTERanks[[#This Row],[RK]],TableTECalcPts[RK],0)),"") -> Theo Johnson | X45: =IFERROR(INDEX(TableTECalcPts[TM],MATCH(TableTERanks[[#This Row],[RK]],TableTECalcPts[RK],0)),"") -> NYG | Y45: =IFERROR(INDEX(TableTECalcPts[BYE],MATCH(TableTERanks[[#This Row],[RK]],TableTECalcPts[RK],0)),"") -> 8 | Z45: =IFERROR(INDEX(TableTECalcPts[Custom],MATCH(TableTERanks[[#This Row],[RK]],TableTECalcPts[RK],0)),"") -> 41.026184 | AA45: =IF(VLOOKUP(TableTERanks[[#This Row],[Player]],'Ranks w Proj'!$AR:$AZ,9,FALSE)<0,0,VLOOKUP(TableTERanks[[#This Row],[Player]],'Ranks w Proj'!$AR:$AZ,9,FALSE)) -> 0
... A80: 79 | B80: =IFERROR(INDEX(TableQBCalcPts[PLAYER],MATCH(TableQBRanks[[#This Row],[RK]],TableQBCalcPts[RK],0)),"") | C80: =IFERROR(INDEX(TableQBCalcPts[TM],MATCH(TableQBRanks[[#This Row],[RK]],TableQBCalcPts[RK],0)),"") | D80: =IFERROR(INDEX(TableQBCalcPts[BYE],MATCH(TableQBRanks[[#This Row],[RK]],TableQBCalcPts[RK],0)),"") | E80: =IFERROR(INDEX(TableQBCalcPts[Custom],MATCH(TableQBRanks[[#This Row],[RK]],TableQBCalcPts[RK],0)),"") | F80: =IF(VLOOKUP(TableQBRanks[[#This Row],[Player]],'Ranks w Proj'!$B:$N,13,FALSE)<0,0,VLOOKUP(TableQBRanks[[#This Row],[Player]],'Ranks w Proj'!$B:$N,13,FALSE)) | H80: 79 | I80: =IFERROR(INDEX(TableRBCalcPts[PLAYER],MATCH(TableRBRanks[[#This Row],[RK]],TableRBCalcPts[RK],0)),"") -> Isaiah Davis | J80: =IFERROR(INDEX(TableRBCalcPts[TM],MATCH(TableRBRanks[[#This Row],[RK]],TableRBCalcPts[RK],0)),"") -> NYJ | K80: =IFERROR(INDEX(TableRBCalcPts[BYE],MATCH(TableRBRanks[[#This Row],[RK]],TableRBCalcPts[RK],0)),"") -> 13 | L80: =IFERROR(INDEX(TableRBCalcPts[Custom],MATCH(TableRBRanks[[#This Row],[RK]],TableRBCalcPts[RK],0)),"") -> 27.570309 | M80: =IF(VLOOKUP(TableRBRanks[[#This Row],[Player]],'Ranks w Proj'!$Q:$AB,12,FALSE)<0,0,VLOOKUP(TableRBRanks[[#This Row],[Player]],'Ranks w Proj'!$Q:$AB,12,FALSE)) -> 0 | O80: 79 | P80: =IFERROR(INDEX(TableWRCalcPts[PLAYER],MATCH(TableWRRanks[[#This Row],[RK]],TableWRCalcPts[RK],0)),"") -> Jaylin Noel | Q80: =IFERROR(INDEX(TableWRCalcPts[TM],MATCH(TableWRRanks[[#This Row],[RK]],TableWRCalcPts[RK],0)),"") -> HOU | R80: =IFERROR(INDEX(TableWRCalcPts[BYE],MATCH(TableWRRanks[[#This Row],[RK]],TableWRCalcPts[RK],0)),"") -> 8 | S80: =IFERROR(INDEX(TableWRCalcPts[Custom],MATCH(TableWRRanks[[#This Row],[RK]],TableWRCalcPts[RK],0)),"") -> 74.661112 | T80: =IF(VLOOKUP(TableWRRanks[[#This Row],[Player]],'Ranks w Proj'!$AE:$AO,11,FALSE)<0,0,VLOOKUP(TableWRRanks[[#This Row],[Player]],'Ranks w Proj'!$AE:$AO,11,FALSE)) -> 0 | V80: 79 | W80: =IFERROR(INDEX(TableTECalcPts[PLAYER],MATCH(TableTERanks[[#This Row],[RK]],TableTECalcPts[RK],0)),"") -> Joe Royer | X80: =IFERROR(INDEX(TableTECalcPts[TM],MATCH(TableTERanks[[#This Row],[RK]],TableTECalcPts[RK],0)),"") -> CLE | Y80: =IFERROR(INDEX(TableTECalcPts[BYE],MATCH(TableTERanks[[#This Row],[RK]],TableTECalcPts[RK],0)),"") -> 11 | Z80: =IFERROR(INDEX(TableTECalcPts[Custom],MATCH(TableTERanks[[#This Row],[RK]],TableTECalcPts[RK],0)),"") -> 5.3156239 | AA80: =IF(VLOOKUP(TableTERanks[[#This Row],[Player]],'Ranks w Proj'!$AR:$AZ,9,FALSE)<0,0,VLOOKUP(TableTERanks[[#This Row],[Player]],'Ranks w Proj'!$AR:$AZ,9,FALSE)) -> 0
H81: 80 | I81: =IFERROR(INDEX(TableRBCalcPts[PLAYER],MATCH(TableRBRanks[[#This Row],[RK]],TableRBCalcPts[RK],0)),"") -> LeQuint Allen | J81: =IFERROR(INDEX(TableRBCalcPts[TM],MATCH(TableRBRanks[[#This Row],[RK]],TableRBCalcPts[RK],0)),"") -> JAX | K81: =IFERROR(INDEX(TableRBCalcPts[BYE],MATCH(TableRBRanks[[#This Row],[RK]],TableRBCalcPts[RK],0)),"") -> 7 | L81: =IFERROR(INDEX(TableRBCalcPts[Custom],MATCH(TableRBRanks[[#This Row],[RK]],TableRBCalcPts[RK],0)),"") -> 26.44999 | M81: =IF(VLOOKUP(TableRBRanks[[#This Row],[Player]],'Ranks w Proj'!$Q:$AB,12,FALSE)<0,0,VLOOKUP(TableRBRanks[[#This Row],[Player]],'Ranks w Proj'!$Q:$AB,12,FALSE)) -> 0 | O81: 80 | P81: =IFERROR(INDEX(TableWRCalcPts[PLAYER],MATCH(TableWRRanks[[#This Row],[RK]],TableWRCalcPts[RK],0)),"") -> Zachariah Branch | Q81: =IFERROR(INDEX(TableWRCalcPts[TM],MATCH(TableWRRanks[[#This Row],[RK]],TableWRCalcPts[RK],0)),"") -> ATL | R81: =IFERROR(INDEX(TableWRCalcPts[BYE],MATCH(TableWRRanks[[#This Row],[RK]],TableWRCalcPts[RK],0)),"") -> 11 | S81: =IFERROR(INDEX(TableWRCalcPts[Custom],MATCH(TableWRRanks[[#This Row],[RK]],TableWRCalcPts[RK],0)),"") -> 72.524695 | T81: =IF(VLOOKUP(TableWRRanks[[#This Row],[Player]],'Ranks w Proj'!$AE:$AO,11,FALSE)<0,0,VLOOKUP(TableWRRanks[[#This Row],[Player]],'Ranks w Proj'!$AE:$AO,11,FALSE)) -> 0 | V81: 80 | W81: =IFERROR(INDEX(TableTECalcPts[PLAYER],MATCH(TableTERanks[[#This Row],[RK]],TableTECalcPts[RK],0)),"") -> Tyler Conklin | X81: =IFERROR(INDEX(TableTECalcPts[TM],MATCH(TableTERanks[[#This Row],[RK]],TableTECalcPts[RK],0)),"") -> DET | Y81: =IFERROR(INDEX(TableTECalcPts[BYE],MATCH(TableTERanks[[#This Row],[RK]],TableTECalcPts[RK],0)),"") -> 6 | Z81: =IFERROR(INDEX(TableTECalcPts[Custom],MATCH(TableTERanks[[#This Row],[RK]],TableTECalcPts[RK],0)),"") -> 3.6983102 | AA81: =IF(VLOOKUP(TableTERanks[[#This Row],[Player]],'Ranks w Proj'!$AR:$AZ,9,FALSE)<0,0,VLOOKUP(TableTERanks[[#This Row],[Player]],'Ranks w Proj'!$AR:$AZ,9,FALSE)) -> 0
H82: 81 | I82: =IFERROR(INDEX(TableRBCalcPts[PLAYER],MATCH(TableRBRanks[[#This Row],[RK]],TableRBCalcPts[RK],0)),"") -> Rasheen Ali | J82: =IFERROR(INDEX(TableRBCalcPts[TM],MATCH(TableRBRanks[[#This Row],[RK]],TableRBCalcPts[RK],0)),"") -> BAL | K82: =IFERROR(INDEX(TableRBCalcPts[BYE],MATCH(TableRBRanks[[#This Row],[RK]],TableRBCalcPts[RK],0)),"") -> 13 | L82: =IFERROR(INDEX(TableRBCalcPts[Custom],MATCH(TableRBRanks[[#This Row],[RK]],TableRBCalcPts[RK],0)),"") -> 25.033389 | M82: =IF(VLOOKUP(TableRBRanks[[#This Row],[Player]],'Ranks w Proj'!$Q:$AB,12,FALSE)<0,0,VLOOKUP(TableRBRanks[[#This Row],[Player]],'Ranks w Proj'!$Q:$AB,12,FALSE)) -> 0 | O82: 81 | P82: =IFERROR(INDEX(TableWRCalcPts[PLAYER],MATCH(TableWRRanks[[#This Row],[RK]],TableWRCalcPts[RK],0)),"") -> Tank Dell | Q82: =IFERROR(INDEX(TableWRCalcPts[TM],MATCH(TableWRRanks[[#This Row],[RK]],TableWRCalcPts[RK],0)),"") -> HOU | R82: =IFERROR(INDEX(TableWRCalcPts[BYE],MATCH(TableWRRanks[[#This Row],[RK]],TableWRCalcPts[RK],0)),"") -> 8 | S82: =IFERROR(INDEX(TableWRCalcPts[Custom],MATCH(TableWRRanks[[#This Row],[RK]],TableWRCalcPts[RK],0)),"") -> 69.155467 | T82: =IF(VLOOKUP(TableWRRanks[[#This Row],[Player]],'Ranks w Proj'!$AE:$AO,11,FALSE)<0,0,VLOOKUP(TableWRRanks[[#This Row],[Player]],'Ranks w Proj'!$AE:$AO,11,FALSE)) -> 0 | V82: 81 | W82: =IFERROR(INDEX(TableTECalcPts[PLAYER],MATCH(TableTERanks[[#This Row],[RK]],TableTECalcPts[RK],0)),"") -> Tip Reiman | X82: =IFERROR(INDEX(TableTECalcPts[TM],MATCH(TableTERanks[[#This Row],[RK]],TableTECalcPts[RK],0)),"") -> ARI | Y82: =IFERROR(INDEX(TableTECalcPts[BYE],MATCH(TableTERanks[[#This Row],[RK]],TableTECalcPts[RK],0)),"") -> 14 | Z82: =IFERROR(INDEX(TableTECalcPts[Custom],MATCH(TableTERanks[[#This Row],[RK]],TableTECalcPts[RK],0)),"") -> 3.1609387 | AA82: =IF(VLOOKUP(TableTERanks[[#This Row],[Player]],'Ranks w Proj'!$AR:$AZ,9,FALSE)<0,0,VLOOKUP(TableTERanks[[#This Row],[Player]],'Ranks w Proj'!$AR:$AZ,9,FALSE)) -> 0
H83: 82 | I83: =IFERROR(INDEX(TableRBCalcPts[PLAYER],MATCH(TableRBRanks[[#This Row],[RK]],TableRBCalcPts[RK],0)),"") -> Raheim Sanders | J83: =IFERROR(INDEX(TableRBCalcPts[TM],MATCH(TableRBRanks[[#This Row],[RK]],TableRBCalcPts[RK],0)),"") -> CLE | K83: =IFERROR(INDEX(TableRBCalcPts[BYE],MATCH(TableRBRanks[[#This Row],[RK]],TableRBCalcPts[RK],0)),"") -> 11 | L83: =IFERROR(INDEX(TableRBCalcPts[Custom],MATCH(TableRBRanks[[#This Row],[RK]],TableRBCalcPts[RK],0)),"") -> 24.411918 | M83: =IF(VLOOKUP(TableRBRanks[[#This Row],[Player]],'Ranks w Proj'!$Q:$AB,12,FALSE)<0,0,VLOOKUP(TableRBRanks[[#This Row],[Player]],'Ranks w Proj'!$Q:$AB,12,FALSE)) -> 0 | O83: 82 | P83: =IFERROR(INDEX(TableWRCalcPts[PLAYER],MATCH(TableWRRanks[[#This Row],[RK]],TableWRCalcPts[RK],0)),"") -> Nick Westbrook-Ikhine | Q83: =IFERROR(INDEX(TableWRCalcPts[TM],MATCH(TableWRRanks[[#This Row],[RK]],TableWRCalcPts[RK],0)),"") -> IND | R83: =IFERROR(INDEX(TableWRCalcPts[BYE],MATCH(TableWRRanks[[#This Row],[RK]],TableWRCalcPts[RK],0)),"") -> 13 | S83: =IFERROR(INDEX(TableWRCalcPts[Custom],MATCH(TableWRRanks[[#This Row],[RK]],TableWRCalcPts[RK],0)),"") -> 68.744067 | T83: =IF(VLOOKUP(TableWRRanks[[#This Row],[Player]],'Ranks w Proj'!$AE:$AO,11,FALSE)<0,0,VLOOKUP(TableWRRanks[[#This Row],[Player]],'Ranks w Proj'!$AE:$AO,11,FALSE)) -> 0 | V83: 82 | W83: =IFERROR(INDEX(TableTECalcPts[PLAYER],MATCH(TableTERanks[[#This Row],[RK]],TableTECalcPts[RK],0)),"") -> Thomas Fidone | X83: =IFERROR(INDEX(TableTECalcPts[TM],MATCH(TableTERanks[[#This Row],[RK]],TableTECalcPts[RK],0)),"") -> NYG | Y83: =IFERROR(INDEX(TableTECalcPts[BYE],MATCH(TableTERanks[[#This Row],[RK]],TableTECalcPts[RK],0)),"") -> 8 | Z83: =IFERROR(INDEX(TableTECalcPts[Custom],MATCH(TableTERanks[[#This Row],[RK]],TableTECalcPts[RK],0)),"") -> 2.8762172 | AA83: =IF(VLOOKUP(TableTERanks[[#This Row],[Player]],'Ranks w Proj'!$AR:$AZ,9,FALSE)<0,0,VLOOKUP(TableTERanks[[#This Row],[Player]],'Ranks w Proj'!$AR:$AZ,9,FALSE)) -> 0
H84: 83 | I84: =IFERROR(INDEX(TableRBCalcPts[PLAYER],MATCH(TableRBRanks[[#This Row],[RK]],TableRBCalcPts[RK],0)),"") -> Isaac Guerendo | J84: =IFERROR(INDEX(TableRBCalcPts[TM],MATCH(TableRBRanks[[#This Row],[RK]],TableRBCalcPts[RK],0)),"") -> SF | K84: =IFERROR(INDEX(TableRBCalcPts[BYE],MATCH(TableRBRanks[[#This Row],[RK]],TableRBCalcPts[RK],0)),"") -> 8 | L84: =IFERROR(INDEX(TableRBCalcPts[Custom],MATCH(TableRBRanks[[#This Row],[RK]],TableRBCalcPts[RK],0)),"") -> 23.524934 | M84: =IF(VLOOKUP(TableRBRanks[[#This Row],[Player]],'Ranks w Proj'!$Q:$AB,12,FALSE)<0,0,VLOOKUP(TableRBRanks[[#This Row],[Player]],'Ranks w Proj'!$Q:$AB,12,FALSE)) -> 0 | O84: 83 | P84: =IFERROR(INDEX(TableWRCalcPts[PLAYER],MATCH(TableWRRanks[[#This Row],[RK]],TableWRCalcPts[RK],0)),"") -> Elijah Sarratt | Q84: =IFERROR(INDEX(TableWRCalcPts[TM],MATCH(TableWRRanks[[#This Row],[RK]],TableWRCalcPts[RK],0)),"") -> BAL | R84: =IFERROR(INDEX(TableWRCalcPts[BYE],MATCH(TableWRRanks[[#This Row],[RK]],TableWRCalcPts[RK],0)),"") -> 13 | S84: =IFERROR(INDEX(TableWRCalcPts[Custom],MATCH(TableWRRanks[[#This Row],[RK]],TableWRCalcPts[RK],0)),"") -> 64.331268 | T84: =IF(VLOOKUP(TableWRRanks[[#This Row],[Player]],'Ranks w Proj'!$AE:$AO,11,FALSE)<0,0,VLOOKUP(TableWRRanks[[#This Row],[Player]],'Ranks w Proj'!$AE:$AO,11,FALSE)) -> 0 | V84: 83 | W84: =IFERROR(INDEX(TableTECalcPts[PLAYER],MATCH(TableTERanks[[#This Row],[RK]],TableTECalcPts[RK],0)),"") -> Ben Yurosek | X84: =IFERROR(INDEX(TableTECalcPts[TM],MATCH(TableTERanks[[#This Row],[RK]],TableTECalcPts[RK],0)),"") -> MIN | Y84: =IFERROR(INDEX(TableTECalcPts[BYE],MATCH(TableTERanks[[#This Row],[RK]],TableTECalcPts[RK],0)),"") -> 6 | Z84: =IFERROR(INDEX(TableTECalcPts[Custom],MATCH(TableTERanks[[#This Row],[RK]],TableTECalcPts[RK],0)),"") -> 2.8280353 | AA84: =IF(VLOOKUP(TableTERanks[[#This Row],[Player]],'Ranks w Proj'!$AR:$AZ,9,FALSE)<0,0,VLOOKUP(TableTERanks[[#This Row],[Player]],'Ranks w Proj'!$AR:$AZ,9,FALSE)) -> 0
H85: 84 | I85: =IFERROR(INDEX(TableRBCalcPts[PLAYER],MATCH(TableRBRanks[[#This Row],[RK]],TableRBCalcPts[RK],0)),"") -> Kendre Miller | J85: =IFERROR(INDEX(TableRBCalcPts[TM],MATCH(TableRBRanks[[#This Row],[RK]],TableRBCalcPts[RK],0)),"") -> NO | K85: =IFERROR(INDEX(TableRBCalcPts[BYE],MATCH(TableRBRanks[[#This Row],[RK]],TableRBCalcPts[RK],0)),"") -> 8 | L85: =IFERROR(INDEX(TableRBCalcPts[Custom],MATCH(TableRBRanks[[#This Row],[RK]],TableRBCalcPts[RK],0)),"") -> 19.69274 | M85: =IF(VLOOKUP(TableRBRanks[[#This Row],[Player]],'Ranks w Proj'!$Q:$AB,12,FALSE)<0,0,VLOOKUP(TableRBRanks[[#This Row],[Player]],'Ranks w Proj'!$Q:$AB,12,FALSE)) -> 0 | O85: 84 | P85: =IFERROR(INDEX(TableWRCalcPts[PLAYER],MATCH(TableWRRanks[[#This Row],[RK]],TableWRCalcPts[RK],0)),"") -> KaVontae Turpin | Q85: =IFERROR(INDEX(TableWRCalcPts[TM],MATCH(TableWRRanks[[#This Row],[RK]],TableWRCalcPts[RK],0)),"") -> DAL | R85: =IFERROR(INDEX(TableWRCalcPts[BYE],MATCH(TableWRRanks[[#This Row],[RK]],TableWRCalcPts[RK],0)),"") -> 14 | S85: =IFERROR(INDEX(TableWRCalcPts[Custom],MATCH(TableWRRanks[[#This Row],[RK]],TableWRCalcPts[RK],0)),"") -> 64.301898 | T85: =IF(VLOOKUP(TableWRRanks[[#This Row],[Player]],'Ranks w Proj'!$AE:$AO,11,FALSE)<0,0,VLOOKUP(TableWRRanks[[#This Row],[Player]],'Ranks w Proj'!$AE:$AO,11,FALSE)) -> 0 | V85: 84 | W85: =IFERROR(INDEX(TableTECalcPts[PLAYER],MATCH(TableTERanks[[#This Row],[RK]],TableTECalcPts[RK],0)),"") -> Grant Calcaterra | X85: =IFERROR(INDEX(TableTECalcPts[TM],MATCH(TableTERanks[[#This Row],[RK]],TableTECalcPts[RK],0)),"") -> PHI | Y85: =IFERROR(INDEX(TableTECalcPts[BYE],MATCH(TableTERanks[[#This Row],[RK]],TableTECalcPts[RK],0)),"") -> 10 | Z85: =IFERROR(INDEX(TableTECalcPts[Custom],MATCH(TableTERanks[[#This Row],[RK]],TableTECalcPts[RK],0)),"") -> 2.7483376 | AA85: =IF(VLOOKUP(TableTERanks[[#This Row],[Player]],'Ranks w Proj'!$AR:$AZ,9,FALSE)<0,0,VLOOKUP(TableTERanks[[#This Row],[Player]],'Ranks w Proj'!$AR:$AZ,9,FALSE)) -> 0
H86: 85 | I86: =IFERROR(INDEX(TableRBCalcPts[PLAYER],MATCH(TableRBRanks[[#This Row],[RK]],TableRBCalcPts[RK],0)),"") -> DJ Giddens | J86: =IFERROR(INDEX(TableRBCalcPts[TM],MATCH(TableRBRanks[[#This Row],[RK]],TableRBCalcPts[RK],0)),"") -> IND | K86: =IFERROR(INDEX(TableRBCalcPts[BYE],MATCH(TableRBRanks[[#This Row],[RK]],TableRBCalcPts[RK],0)),"") -> 13 | L86: =IFERROR(INDEX(TableRBCalcPts[Custom],MATCH(TableRBRanks[[#This Row],[RK]],TableRBCalcPts[RK],0)),"") -> 18.811449 | M86: =IF(VLOOKUP(TableRBRanks[[#This Row],[Player]],'Ranks w Proj'!$Q:$AB,12,FALSE)<0,0,VLOOKUP(TableRBRanks[[#This Row],[Player]],'Ranks w Proj'!$Q:$AB,12,FALSE)) -> 0 | O86: 85 | P86: =IFERROR(INDEX(TableWRCalcPts[PLAYER],MATCH(TableWRRanks[[#This Row],[RK]],TableWRCalcPts[RK],0)),"") -> Troy Franklin | Q86: =IFERROR(INDEX(TableWRCalcPts[TM],MATCH(TableWRRanks[[#This Row],[RK]],TableWRCalcPts[RK],0)),"") -> DEN | R86: =IFERROR(INDEX(TableWRCalcPts[BYE],MATCH(TableWRRanks[[#This Row],[RK]],TableWRCalcPts[RK],0)),"") -> 10 | S86: =IFERROR(INDEX(TableWRCalcPts[Custom],MATCH(TableWRRanks[[#This Row],[RK]],TableWRCalcPts[RK],0)),"") -> 62.943624 | T86: =IF(VLOOKUP(TableWRRanks[[#This Row],[Player]],'Ranks w Proj'!$AE:$AO,11,FALSE)<0,0,VLOOKUP(TableWRRanks[[#This Row],[Player]],'Ranks w Proj'!$AE:$AO,11,FALSE)) -> 0 | V86: 85 | W86: =IFERROR(INDEX(TableTECalcPts[PLAYER],MATCH(TableTERanks[[#This Row],[RK]],TableTECalcPts[RK],0)),"") -> Jack Stoll | X86: =IFERROR(INDEX(TableTECalcPts[TM],MATCH(TableTERanks[[#This Row],[RK]],TableTECalcPts[RK],0)),"") -> CLE | Y86: =IFERROR(INDEX(TableTECalcPts[BYE],MATCH(TableTERanks[[#This Row],[RK]],TableTECalcPts[RK],0)),"") -> 11 | Z86: =IFERROR(INDEX(TableTECalcPts[Custom],MATCH(TableTERanks[[#This Row],[RK]],TableTECalcPts[RK],0)),"") -> 2.4148663 | AA86: =IF(VLOOKUP(TableTERanks[[#This Row],[Player]],'Ranks w Proj'!$AR:$AZ,9,FALSE)<0,0,VLOOKUP(TableTERanks[[#This Row],[Player]],'Ranks w Proj'!$AR:$AZ,9,FALSE)) -> 0
H87: 86 | I87: =IFERROR(INDEX(TableRBCalcPts[PLAYER],MATCH(TableRBRanks[[#This Row],[RK]],TableRBCalcPts[RK],0)),"") -> Eli Heidenreich | J87: =IFERROR(INDEX(TableRBCalcPts[TM],MATCH(TableRBRanks[[#This Row],[RK]],TableRBCalcPts[RK],0)),"") -> PIT | K87: =IFERROR(INDEX(TableRBCalcPts[BYE],MATCH(TableRBRanks[[#This Row],[RK]],TableRBCalcPts[RK],0)),"") -> 9 | L87: =IFERROR(INDEX(TableRBCalcPts[Custom],MATCH(TableRBRanks[[#This Row],[RK]],TableRBCalcPts[RK],0)),"") -> 18.546025 | M87: =IF(VLOOKUP(TableRBRanks[[#This Row],[Player]],'Ranks w Proj'!$Q:$AB,12,FALSE)<0,0,VLOOKUP(TableRBRanks[[#This Row],[Player]],'Ranks w Proj'!$Q:$AB,12,FALSE)) -> 0 | O87: 86 | P87: =IFERROR(INDEX(TableWRCalcPts[PLAYER],MATCH(TableWRRanks[[#This Row],[RK]],TableWRCalcPts[RK],0)),"") -> Darius Slayton | Q87: =IFERROR(INDEX(TableWRCalcPts[TM],MATCH(TableWRRanks[[#This Row],[RK]],TableWRCalcPts[RK],0)),"") -> NYG | R87: =IFERROR(INDEX(TableWRCalcPts[BYE],MATCH(TableWRRanks[[#This Row],[RK]],TableWRCalcPts[RK],0)),"") -> 8 | S87: =IFERROR(INDEX(TableWRCalcPts[Custom],MATCH(TableWRRanks[[#This Row],[RK]],TableWRCalcPts[RK],0)),"") -> 60.325066 | T87: =IF(VLOOKUP(TableWRRanks[[#This Row],[Player]],'Ranks w Proj'!$AE:$AO,11,FALSE)<0,0,VLOOKUP(TableWRRanks[[#This Row],[Player]],'Ranks w Proj'!$AE:$AO,11,FALSE)) -> 0 | V87: 86 | W87: =IFERROR(INDEX(TableTECalcPts[PLAYER],MATCH(TableTERanks[[#This Row],[RK]],TableTECalcPts[RK],0)),"") -> Josh Cuevas | X87: =IFERROR(INDEX(TableTECalcPts[TM],MATCH(TableTERanks[[#This Row],[RK]],TableTECalcPts[RK],0)),"") -> BAL | Y87: =IFERROR(INDEX(TableTECalcPts[BYE],MATCH(TableTERanks[[#This Row],[RK]],TableTECalcPts[RK],0)),"") -> 13 | Z87: =IFERROR(INDEX(TableTECalcPts[Custom],MATCH(TableTERanks[[#This Row],[RK]],TableTECalcPts[RK],0)),"") -> 0 | AA87: =IF(VLOOKUP(TableTERanks[[#This Row],[Player]],'Ranks w Proj'!$AR:$AZ,9,FALSE)<0,0,VLOOKUP(TableTERanks[[#This Row],[Player]],'Ranks w Proj'!$AR:$AZ,9,FALSE)) -> 0
H88: 87 | I88: =IFERROR(INDEX(TableRBCalcPts[PLAYER],MATCH(TableRBRanks[[#This Row],[RK]],TableRBCalcPts[RK],0)),"") -> Jeremy McNichols | J88: =IFERROR(INDEX(TableRBCalcPts[TM],MATCH(TableRBRanks[[#This Row],[RK]],TableRBCalcPts[RK],0)),"") -> WSH | K88: =IFERROR(INDEX(TableRBCalcPts[BYE],MATCH(TableRBRanks[[#This Row],[RK]],TableRBCalcPts[RK],0)),"") -> 7 | L88: =IFERROR(INDEX(TableRBCalcPts[Custom],MATCH(TableRBRanks[[#This Row],[RK]],TableRBCalcPts[RK],0)),"") -> 17.610929 | M88: =IF(VLOOKUP(TableRBRanks[[#This Row],[Player]],'Ranks w Proj'!$Q:$AB,12,FALSE)<0,0,VLOOKUP(TableRBRanks[[#This Row],[Player]],'Ranks w Proj'!$Q:$AB,12,FALSE)) -> 0 | O88: 87 | P88: =IFERROR(INDEX(TableWRCalcPts[PLAYER],MATCH(TableWRRanks[[#This Row],[RK]],TableWRCalcPts[RK],0)),"") -> Malachi Fields | Q88: =IFERROR(INDEX(TableWRCalcPts[TM],MATCH(TableWRRanks[[#This Row],[RK]],TableWRCalcPts[RK],0)),"") -> NYG | R88: =IFERROR(INDEX(TableWRCalcPts[BYE],MATCH(TableWRRanks[[#This Row],[RK]],TableWRCalcPts[RK],0)),"") -> 8 | S88: =IFERROR(INDEX(TableWRCalcPts[Custom],MATCH(TableWRRanks[[#This Row],[RK]],TableWRCalcPts[RK],0)),"") -> 60.094954 | T88: =IF(VLOOKUP(TableWRRanks[[#This Row],[Player]],'Ranks w Proj'!$AE:$AO,11,FALSE)<0,0,VLOOKUP(TableWRRanks[[#This Row],[Player]],'Ranks w Proj'!$AE:$AO,11,FALSE)) -> 0 | V88: 87 | W88: =IFERROR(INDEX(TableTECalcPts[PLAYER],MATCH(TableTERanks[[#This Row],[RK]],TableTECalcPts[RK],0)),"") -> Drew Sample | X88: =IFERROR(INDEX(TableTECalcPts[TM],MATCH(TableTERanks[[#This Row],[RK]],TableTECalcPts[RK],0)),"") -> CIN | Y88: =IFERROR(INDEX(TableTECalcPts[BYE],MATCH(TableTERanks[[#This Row],[RK]],TableTECalcPts[RK],0)),"") -> 6 | Z88: =IFERROR(INDEX(TableTECalcPts[Custom],MATCH(TableTERanks[[#This Row],[RK]],TableTECalcPts[RK],0)),"") -> 0 | AA88: =IF(VLOOKUP(TableTERanks[[#This Row],[Player]],'Ranks w Proj'!$AR:$AZ,9,FALSE)<0,0,VLOOKUP(TableTERanks[[#This Row],[Player]],'Ranks w Proj'!$AR:$AZ,9,FALSE)) -> 0
H89: 88 | I89: =IFERROR(INDEX(TableRBCalcPts[PLAYER],MATCH(TableRBRanks[[#This Row],[RK]],TableRBCalcPts[RK],0)),"") -> Adam Randall | J89: =IFERROR(INDEX(TableRBCalcPts[TM],MATCH(TableRBRanks[[#This Row],[RK]],TableRBCalcPts[RK],0)),"") -> BAL | K89: =IFERROR(INDEX(TableRBCalcPts[BYE],MATCH(TableRBRanks[[#This Row],[RK]],TableRBCalcPts[RK],0)),"") -> 13 | L89: =IFERROR(INDEX(TableRBCalcPts[Custom],MATCH(TableRBRanks[[#This Row],[RK]],TableRBCalcPts[RK],0)),"") -> 17.490709 | M89: =IF(VLOOKUP(TableRBRanks[[#This Row],[Player]],'Ranks w Proj'!$Q:$AB,12,FALSE)<0,0,VLOOKUP(TableRBRanks[[#This Row],[Player]],'Ranks w Proj'!$Q:$AB,12,FALSE)) -> 0 | O89: 88 | P89: =IFERROR(INDEX(TableWRCalcPts[PLAYER],MATCH(TableWRRanks[[#This Row],[RK]],TableWRCalcPts[RK],0)),"") -> Dont'e Thornton | Q89: =IFERROR(INDEX(TableWRCalcPts[TM],MATCH(TableWRRanks[[#This Row],[RK]],TableWRCalcPts[RK],0)),"") -> LV | R89: =IFERROR(INDEX(TableWRCalcPts[BYE],MATCH(TableWRRanks[[#This Row],[RK]],TableWRCalcPts[RK],0)),"") -> 13 | S89: =IFERROR(INDEX(TableWRCalcPts[Custom],MATCH(TableWRRanks[[#This Row],[RK]],TableWRCalcPts[RK],0)),"") -> 59.321079 | T89: =IF(VLOOKUP(TableWRRanks[[#This Row],[Player]],'Ranks w Proj'!$AE:$AO,11,FALSE)<0,0,VLOOKUP(TableWRRanks[[#This Row],[Player]],'Ranks w Proj'!$AE:$AO,11,FALSE)) -> 0 | V89: 88 | W89: =IFERROR(INDEX(TableTECalcPts[PLAYER],MATCH(TableTERanks[[#This Row],[RK]],TableTECalcPts[RK],0)),"") | X89: =IFERROR(INDEX(TableTECalcPts[TM],MATCH(TableTERanks[[#This Row],[RK]],TableTECalcPts[RK],0)),"") | Y89: =IFERROR(INDEX(TableTECalcPts[BYE],MATCH(TableTERanks[[#This Row],[RK]],TableTECalcPts[RK],0)),"") | Z89: =IFERROR(INDEX(TableTECalcPts[Custom],MATCH(TableTERanks[[#This Row],[RK]],TableTECalcPts[RK],0)),"") | AA89: =IF(VLOOKUP(TableTERanks[[#This Row],[Player]],'Ranks w Proj'!$AR:$AZ,9,FALSE)<0,0,VLOOKUP(TableTERanks[[#This Row],[Player]],'Ranks w Proj'!$AR:$AZ,9,FALSE))
H90: 89 | I90: =IFERROR(INDEX(TableRBCalcPts[PLAYER],MATCH(TableRBRanks[[#This Row],[RK]],TableRBCalcPts[RK],0)),"") -> Devin Singletary | J90: =IFERROR(INDEX(TableRBCalcPts[TM],MATCH(TableRBRanks[[#This Row],[RK]],TableRBCalcPts[RK],0)),"") -> NYG | K90: =IFERROR(INDEX(TableRBCalcPts[BYE],MATCH(TableRBRanks[[#This Row],[RK]],TableRBCalcPts[RK],0)),"") -> 8 | L90: =IFERROR(INDEX(TableRBCalcPts[Custom],MATCH(TableRBRanks[[#This Row],[RK]],TableRBCalcPts[RK],0)),"") -> 17.459465 | M90: =IF(VLOOKUP(TableRBRanks[[#This Row],[Player]],'Ranks w Proj'!$Q:$AB,12,FALSE)<0,0,VLOOKUP(TableRBRanks[[#This Row],[Player]],'Ranks w Proj'!$Q:$AB,12,FALSE)) -> 0 | O90: 89 | P90: =IFERROR(INDEX(TableWRCalcPts[PLAYER],MATCH(TableWRRanks[[#This Row],[RK]],TableWRCalcPts[RK],0)),"") -> Jahan Dotson | Q90: =IFERROR(INDEX(TableWRCalcPts[TM],MATCH(TableWRRanks[[#This Row],[RK]],TableWRCalcPts[RK],0)),"") -> ATL | R90: =IFERROR(INDEX(TableWRCalcPts[BYE],MATCH(TableWRRanks[[#This Row],[RK]],TableWRCalcPts[RK],0)),"") -> 11 | S90: =IFERROR(INDEX(TableWRCalcPts[Custom],MATCH(TableWRRanks[[#This Row],[RK]],TableWRCalcPts[RK],0)),"") -> 59.177708 | T90: =IF(VLOOKUP(TableWRRanks[[#This Row],[Player]],'Ranks w Proj'!$AE:$AO,11,FALSE)<0,0,VLOOKUP(TableWRRanks[[#This Row],[Player]],'Ranks w Proj'!$AE:$AO,11,FALSE)) -> 0 | V90: 89 | W90: =IFERROR(INDEX(TableTECalcPts[PLAYER],MATCH(TableTERanks[[#This Row],[RK]],TableTECalcPts[RK],0)),"") | X90: =IFERROR(INDEX(TableTECalcPts[TM],MATCH(TableTERanks[[#This Row],[RK]],TableTECalcPts[RK],0)),"") | Y90: =IFERROR(INDEX(TableTECalcPts[BYE],MATCH(TableTERanks[[#This Row],[RK]],TableTECalcPts[RK],0)),"") | Z90: =IFERROR(INDEX(TableTECalcPts[Custom],MATCH(TableTERanks[[#This Row],[RK]],TableTECalcPts[RK],0)),"") | AA90: =IF(VLOOKUP(TableTERanks[[#This Row],[Player]],'Ranks w Proj'!$AR:$AZ,9,FALSE)<0,0,VLOOKUP(TableTERanks[[#This Row],[Player]],'Ranks w Proj'!$AR:$AZ,9,FALSE))
H91: 90 | I91: =IFERROR(INDEX(TableRBCalcPts[PLAYER],MATCH(TableRBRanks[[#This Row],[RK]],TableRBCalcPts[RK],0)),"") -> Jacob Saylors | J91: =IFERROR(INDEX(TableRBCalcPts[TM],MATCH(TableRBRanks[[#This Row],[RK]],TableRBCalcPts[RK],0)),"") -> DET | K91: =IFERROR(INDEX(TableRBCalcPts[BYE],MATCH(TableRBRanks[[#This Row],[RK]],TableRBCalcPts[RK],0)),"") -> 6 | L91: =IFERROR(INDEX(TableRBCalcPts[Custom],MATCH(TableRBRanks[[#This Row],[RK]],TableRBCalcPts[RK],0)),"") -> 15.698532 | M91: =IF(VLOOKUP(TableRBRanks[[#This Row],[Player]],'Ranks w Proj'!$Q:$AB,12,FALSE)<0,0,VLOOKUP(TableRBRanks[[#This Row],[Player]],'Ranks w Proj'!$Q:$AB,12,FALSE)) -> 0 | O91: 90 | P91: =IFERROR(INDEX(TableWRCalcPts[PLAYER],MATCH(TableWRRanks[[#This Row],[RK]],TableWRCalcPts[RK],0)),"") -> Xavier Legette | Q91: =IFERROR(INDEX(TableWRCalcPts[TM],MATCH(TableWRRanks[[#This Row],[RK]],TableWRCalcPts[RK],0)),"") -> CAR | R91: =IFERROR(INDEX(TableWRCalcPts[BYE],MATCH(TableWRRanks[[#This Row],[RK]],TableWRCalcPts[RK],0)),"") -> 5 | S91: =IFERROR(INDEX(TableWRCalcPts[Custom],MATCH(TableWRRanks[[#This Row],[RK]],TableWRCalcPts[RK],0)),"") -> 58.952262 | T91: =IF(VLOOKUP(TableWRRanks[[#This Row],[Player]],'Ranks w Proj'!$AE:$AO,11,FALSE)<0,0,VLOOKUP(TableWRRanks[[#This Row],[Player]],'Ranks w Proj'!$AE:$AO,11,FALSE)) -> 0 | V91: 90 | W91: =IFERROR(INDEX(TableTECalcPts[PLAYER],MATCH(TableTERanks[[#This Row],[RK]],TableTECalcPts[RK],0)),"") | X91: =IFERROR(INDEX(TableTECalcPts[TM],MATCH(TableTERanks[[#This Row],[RK]],TableTECalcPts[RK],0)),"") | Y91: =IFERROR(INDEX(TableTECalcPts[BYE],MATCH(TableTERanks[[#This Row],[RK]],TableTECalcPts[RK],0)),"") | Z91: =IFERROR(INDEX(TableTECalcPts[Custom],MATCH(TableTERanks[[#This Row],[RK]],TableTECalcPts[RK],0)),"") | AA91: =IF(VLOOKUP(TableTERanks[[#This Row],[Player]],'Ranks w Proj'!$AR:$AZ,9,FALSE)<0,0,VLOOKUP(TableTERanks[[#This Row],[Player]],'Ranks w Proj'!$AR:$AZ,9,FALSE))
H92: 91 | I92: =IFERROR(INDEX(TableRBCalcPts[PLAYER],MATCH(TableRBRanks[[#This Row],[RK]],TableRBCalcPts[RK],0)),"") -> Tyler Goodson | J92: =IFERROR(INDEX(TableRBCalcPts[TM],MATCH(TableRBRanks[[#This Row],[RK]],TableRBCalcPts[RK],0)),"") -> ATL | K92: =IFERROR(INDEX(TableRBCalcPts[BYE],MATCH(TableRBRanks[[#This Row],[RK]],TableRBCalcPts[RK],0)),"") -> 11 | L92: =IFERROR(INDEX(TableRBCalcPts[Custom],MATCH(TableRBRanks[[#This Row],[RK]],TableRBCalcPts[RK],0)),"") -> 15.265039 | M92: =IF(VLOOKUP(TableRBRanks[[#This Row],[Player]],'Ranks w Proj'!$Q:$AB,12,FALSE)<0,0,VLOOKUP(TableRBRanks[[#This Row],[Player]],'Ranks w Proj'!$Q:$AB,12,FALSE)) -> 0 | O92: 91 | P92: =IFERROR(INDEX(TableWRCalcPts[PLAYER],MATCH(TableWRRanks[[#This Row],[RK]],TableWRCalcPts[RK],0)),"") -> Ja'Kobi Lane | Q92: =IFERROR(INDEX(TableWRCalcPts[TM],MATCH(TableWRRanks[[#This Row],[RK]],TableWRCalcPts[RK],0)),"") -> BAL | R92: =IFERROR(INDEX(TableWRCalcPts[BYE],MATCH(TableWRRanks[[#This Row],[RK]],TableWRCalcPts[RK],0)),"") -> 13 | S92: =IFERROR(INDEX(TableWRCalcPts[Custom],MATCH(TableWRRanks[[#This Row],[RK]],TableWRCalcPts[RK],0)),"") -> 58.907507 | T92: =IF(VLOOKUP(TableWRRanks[[#This Row],[Player]],'Ranks w Proj'!$AE:$AO,11,FALSE)<0,0,VLOOKUP(TableWRRanks[[#This Row],[Player]],'Ranks w Proj'!$AE:$AO,11,FALSE)) -> 0 | V92: 91 | W92: =IFERROR(INDEX(TableTECalcPts[PLAYER],MATCH(TableTERanks[[#This Row],[RK]],TableTECalcPts[RK],0)),"") | X92: =IFERROR(INDEX(TableTECalcPts[TM],MATCH(TableTERanks[[#This Row],[RK]],TableTECalcPts[RK],0)),"") | Y92: =IFERROR(INDEX(TableTECalcPts[BYE],MATCH(TableTERanks[[#This Row],[RK]],TableTECalcPts[RK],0)),"") | Z92: =IFERROR(INDEX(TableTECalcPts[Custom],MATCH(TableTERanks[[#This Row],[RK]],TableTECalcPts[RK],0)),"") | AA92: =IF(VLOOKUP(TableTERanks[[#This Row],[Player]],'Ranks w Proj'!$AR:$AZ,9,FALSE)<0,0,VLOOKUP(TableTERanks[[#This Row],[Player]],'Ranks w Proj'!$AR:$AZ,9,FALSE))
... H101: 100 | I101: =IFERROR(INDEX(TableRBCalcPts[PLAYER],MATCH(TableRBRanks[[#This Row],[RK]],TableRBCalcPts[RK],0)),"") -> AJ Dillon | J101: =IFERROR(INDEX(TableRBCalcPts[TM],MATCH(TableRBRanks[[#This Row],[RK]],TableRBCalcPts[RK],0)),"") -> CAR | K101: =IFERROR(INDEX(TableRBCalcPts[BYE],MATCH(TableRBRanks[[#This Row],[RK]],TableRBCalcPts[RK],0)),"") -> 5 | L101: =IFERROR(INDEX(TableRBCalcPts[Custom],MATCH(TableRBRanks[[#This Row],[RK]],TableRBCalcPts[RK],0)),"") -> 11.9675 | M101: =IF(VLOOKUP(TableRBRanks[[#This Row],[Player]],'Ranks w Proj'!$Q:$AB,12,FALSE)<0,0,VLOOKUP(TableRBRanks[[#This Row],[Player]],'Ranks w Proj'!$Q:$AB,12,FALSE)) -> 0 | O101: 100 | P101: =IFERROR(INDEX(TableWRCalcPts[PLAYER],MATCH(TableWRRanks[[#This Row],[RK]],TableWRCalcPts[RK],0)),"") -> Devaughn Vele | Q101: =IFERROR(INDEX(TableWRCalcPts[TM],MATCH(TableWRRanks[[#This Row],[RK]],TableWRCalcPts[RK],0)),"") -> NO | R101: =IFERROR(INDEX(TableWRCalcPts[BYE],MATCH(TableWRRanks[[#This Row],[RK]],TableWRCalcPts[RK],0)),"") -> 8 | S101: =IFERROR(INDEX(TableWRCalcPts[Custom],MATCH(TableWRRanks[[#This Row],[RK]],TableWRCalcPts[RK],0)),"") -> 51.274309 | T101: =IF(VLOOKUP(TableWRRanks[[#This Row],[Player]],'Ranks w Proj'!$AE:$AO,11,FALSE)<0,0,VLOOKUP(TableWRRanks[[#This Row],[Player]],'Ranks w Proj'!$AE:$AO,11,FALSE)) -> 0 | V101: 100 | W101: =IFERROR(INDEX(TableTECalcPts[PLAYER],MATCH(TableTERanks[[#This Row],[RK]],TableTECalcPts[RK],0)),"") | X101: =IFERROR(INDEX(TableTECalcPts[TM],MATCH(TableTERanks[[#This Row],[RK]],TableTECalcPts[RK],0)),"") | Y101: =IFERROR(INDEX(TableTECalcPts[BYE],MATCH(TableTERanks[[#This Row],[RK]],TableTECalcPts[RK],0)),"") | Z101: =IFERROR(INDEX(TableTECalcPts[Custom],MATCH(TableTERanks[[#This Row],[RK]],TableTECalcPts[RK],0)),"") | AA101: =IF(VLOOKUP(TableTERanks[[#This Row],[Player]],'Ranks w Proj'!$AR:$AZ,9,FALSE)<0,0,VLOOKUP(TableTERanks[[#This Row],[Player]],'Ranks w Proj'!$AR:$AZ,9,FALSE))
H102: 101 | I102: =IFERROR(INDEX(TableRBCalcPts[PLAYER],MATCH(TableRBRanks[[#This Row],[RK]],TableRBCalcPts[RK],0)),"") -> Brashard Smith | J102: =IFERROR(INDEX(TableRBCalcPts[TM],MATCH(TableRBRanks[[#This Row],[RK]],TableRBCalcPts[RK],0)),"") -> KC | K102: =IFERROR(INDEX(TableRBCalcPts[BYE],MATCH(TableRBRanks[[#This Row],[RK]],TableRBCalcPts[RK],0)),"") -> 5 | L102: =IFERROR(INDEX(TableRBCalcPts[Custom],MATCH(TableRBRanks[[#This Row],[RK]],TableRBCalcPts[RK],0)),"") -> 11.255545 | M102: =IF(VLOOKUP(TableRBRanks[[#This Row],[Player]],'Ranks w Proj'!$Q:$AB,12,FALSE)<0,0,VLOOKUP(TableRBRanks[[#This Row],[Player]],'Ranks w Proj'!$Q:$AB,12,FALSE)) -> 0 | O102: 101 | P102: =IFERROR(INDEX(TableWRCalcPts[PLAYER],MATCH(TableWRRanks[[#This Row],[RK]],TableWRCalcPts[RK],0)),"") -> Savion Williams | Q102: =IFERROR(INDEX(TableWRCalcPts[TM],MATCH(TableWRRanks[[#This Row],[RK]],TableWRCalcPts[RK],0)),"") -> GB | R102: =IFERROR(INDEX(TableWRCalcPts[BYE],MATCH(TableWRRanks[[#This Row],[RK]],TableWRCalcPts[RK],0)),"") -> 11 | S102: =IFERROR(INDEX(TableWRCalcPts[Custom],MATCH(TableWRRanks[[#This Row],[RK]],TableWRCalcPts[RK],0)),"") -> 50.259188 | T102: =IF(VLOOKUP(TableWRRanks[[#This Row],[Player]],'Ranks w Proj'!$AE:$AO,11,FALSE)<0,0,VLOOKUP(TableWRRanks[[#This Row],[Player]],'Ranks w Proj'!$AE:$AO,11,FALSE)) -> 0
H103: 102 | I103: =IFERROR(INDEX(TableRBCalcPts[PLAYER],MATCH(TableRBRanks[[#This Row],[RK]],TableRBCalcPts[RK],0)),"") -> Kaleb Johnson | J103: =IFERROR(INDEX(TableRBCalcPts[TM],MATCH(TableRBRanks[[#This Row],[RK]],TableRBCalcPts[RK],0)),"") -> PIT | K103: =IFERROR(INDEX(TableRBCalcPts[BYE],MATCH(TableRBRanks[[#This Row],[RK]],TableRBCalcPts[RK],0)),"") -> 9 | L103: =IFERROR(INDEX(TableRBCalcPts[Custom],MATCH(TableRBRanks[[#This Row],[RK]],TableRBCalcPts[RK],0)),"") -> 9.8838129 | M103: =IF(VLOOKUP(TableRBRanks[[#This Row],[Player]],'Ranks w Proj'!$Q:$AB,12,FALSE)<0,0,VLOOKUP(TableRBRanks[[#This Row],[Player]],'Ranks w Proj'!$Q:$AB,12,FALSE)) -> 0 | O103: 102 | P103: =IFERROR(INDEX(TableWRCalcPts[PLAYER],MATCH(TableWRRanks[[#This Row],[RK]],TableWRCalcPts[RK],0)),"") -> Dyami Brown | Q103: =IFERROR(INDEX(TableWRCalcPts[TM],MATCH(TableWRRanks[[#This Row],[RK]],TableWRCalcPts[RK],0)),"") -> WSH | R103: =IFERROR(INDEX(TableWRCalcPts[BYE],MATCH(TableWRRanks[[#This Row],[RK]],TableWRCalcPts[RK],0)),"") -> 7 | S103: =IFERROR(INDEX(TableWRCalcPts[Custom],MATCH(TableWRRanks[[#This Row],[RK]],TableWRCalcPts[RK],0)),"") -> 50.015364 | T103: =IF(VLOOKUP(TableWRRanks[[#This Row],[Player]],'Ranks w Proj'!$AE:$AO,11,FALSE)<0,0,VLOOKUP(TableWRRanks[[#This Row],[Player]],'Ranks w Proj'!$AE:$AO,11,FALSE)) -> 0
H104: 103 | I104: =IFERROR(INDEX(TableRBCalcPts[PLAYER],MATCH(TableRBRanks[[#This Row],[RK]],TableRBCalcPts[RK],0)),"") -> Phil Mafah | J104: =IFERROR(INDEX(TableRBCalcPts[TM],MATCH(TableRBRanks[[#This Row],[RK]],TableRBCalcPts[RK],0)),"") -> DAL | K104: =IFERROR(INDEX(TableRBCalcPts[BYE],MATCH(TableRBRanks[[#This Row],[RK]],TableRBCalcPts[RK],0)),"") -> 14 | L104: =IFERROR(INDEX(TableRBCalcPts[Custom],MATCH(TableRBRanks[[#This Row],[RK]],TableRBCalcPts[RK],0)),"") -> 9.1067105 | M104: =IF(VLOOKUP(TableRBRanks[[#This Row],[Player]],'Ranks w Proj'!$Q:$AB,12,FALSE)<0,0,VLOOKUP(TableRBRanks[[#This Row],[Player]],'Ranks w Proj'!$Q:$AB,12,FALSE)) -> 0 | O104: 103 | P104: =IFERROR(INDEX(TableWRCalcPts[PLAYER],MATCH(TableWRRanks[[#This Row],[RK]],TableWRCalcPts[RK],0)),"") -> Keon Coleman | Q104: =IFERROR(INDEX(TableWRCalcPts[TM],MATCH(TableWRRanks[[#This Row],[RK]],TableWRCalcPts[RK],0)),"") -> BUF | R104: =IFERROR(INDEX(TableWRCalcPts[BYE],MATCH(TableWRRanks[[#This Row],[RK]],TableWRCalcPts[RK],0)),"") -> 7 | S104: =IFERROR(INDEX(TableWRCalcPts[Custom],MATCH(TableWRRanks[[#This Row],[RK]],TableWRCalcPts[RK],0)),"") -> 49.820495 | T104: =IF(VLOOKUP(TableWRRanks[[#This Row],[Player]],'Ranks w Proj'!$AE:$AO,11,FALSE)<0,0,VLOOKUP(TableWRRanks[[#This Row],[Player]],'Ranks w Proj'!$AE:$AO,11,FALSE)) -> 0
H105: 104 | I105: =IFERROR(INDEX(TableRBCalcPts[PLAYER],MATCH(TableRBRanks[[#This Row],[RK]],TableRBCalcPts[RK],0)),"") -> Jaleel McLaughlin | J105: =IFERROR(INDEX(TableRBCalcPts[TM],MATCH(TableRBRanks[[#This Row],[RK]],TableRBCalcPts[RK],0)),"") -> DEN | K105: =IFERROR(INDEX(TableRBCalcPts[BYE],MATCH(TableRBRanks[[#This Row],[RK]],TableRBCalcPts[RK],0)),"") -> 10 | L105: =IFERROR(INDEX(TableRBCalcPts[Custom],MATCH(TableRBRanks[[#This Row],[RK]],TableRBCalcPts[RK],0)),"") -> 8.9377351 | M105: =IF(VLOOKUP(TableRBRanks[[#This Row],[Player]],'Ranks w Proj'!$Q:$AB,12,FALSE)<0,0,VLOOKUP(TableRBRanks[[#This Row],[Player]],'Ranks w Proj'!$Q:$AB,12,FALSE)) -> 0 | O105: 104 | P105: =IFERROR(INDEX(TableWRCalcPts[PLAYER],MATCH(TableWRRanks[[#This Row],[RK]],TableWRCalcPts[RK],0)),"") -> Ted Hurst | Q105: =IFERROR(INDEX(TableWRCalcPts[TM],MATCH(TableWRRanks[[#This Row],[RK]],TableWRCalcPts[RK],0)),"") -> TB | R105: =IFERROR(INDEX(TableWRCalcPts[BYE],MATCH(TableWRRanks[[#This Row],[RK]],TableWRCalcPts[RK],0)),"") -> 10 | S105: =IFERROR(INDEX(TableWRCalcPts[Custom],MATCH(TableWRRanks[[#This Row],[RK]],TableWRCalcPts[RK],0)),"") -> 47.619044 | T105: =IF(VLOOKUP(TableWRRanks[[#This Row],[Player]],'Ranks w Proj'!$AE:$AO,11,FALSE)<0,0,VLOOKUP(TableWRRanks[[#This Row],[Player]],'Ranks w Proj'!$AE:$AO,11,FALSE)) -> 0
H106: 105 | I106: =IFERROR(INDEX(TableRBCalcPts[PLAYER],MATCH(TableRBRanks[[#This Row],[RK]],TableRBCalcPts[RK],0)),"") -> Jarquez Hunter | J106: =IFERROR(INDEX(TableRBCalcPts[TM],MATCH(TableRBRanks[[#This Row],[RK]],TableRBCalcPts[RK],0)),"") -> LAR | K106: =IFERROR(INDEX(TableRBCalcPts[BYE],MATCH(TableRBRanks[[#This Row],[RK]],TableRBCalcPts[RK],0)),"") -> 11 | L106: =IFERROR(INDEX(TableRBCalcPts[Custom],MATCH(TableRBRanks[[#This Row],[RK]],TableRBCalcPts[RK],0)),"") -> 8.4242846 | M106: =IF(VLOOKUP(TableRBRanks[[#This Row],[Player]],'Ranks w Proj'!$Q:$AB,12,FALSE)<0,0,VLOOKUP(TableRBRanks[[#This Row],[Player]],'Ranks w Proj'!$Q:$AB,12,FALSE)) -> 0 | O106: 105 | P106: =IFERROR(INDEX(TableWRCalcPts[PLAYER],MATCH(TableWRRanks[[#This Row],[RK]],TableWRCalcPts[RK],0)),"") -> Travis Hunter | Q106: =IFERROR(INDEX(TableWRCalcPts[TM],MATCH(TableWRRanks[[#This Row],[RK]],TableWRCalcPts[RK],0)),"") -> JAX | R106: =IFERROR(INDEX(TableWRCalcPts[BYE],MATCH(TableWRRanks[[#This Row],[RK]],TableWRCalcPts[RK],0)),"") -> 7 | S106: =IFERROR(INDEX(TableWRCalcPts[Custom],MATCH(TableWRRanks[[#This Row],[RK]],TableWRCalcPts[RK],0)),"") -> 45.395094 | T106: =IF(VLOOKUP(TableWRRanks[[#This Row],[Player]],'Ranks w Proj'!$AE:$AO,11,FALSE)<0,0,VLOOKUP(TableWRRanks[[#This Row],[Player]],'Ranks w Proj'!$AE:$AO,11,FALSE)) -> 0
H107: 106 | I107: =IFERROR(INDEX(TableRBCalcPts[PLAYER],MATCH(TableRBRanks[[#This Row],[RK]],TableRBCalcPts[RK],0)),"") -> Devin Neal | J107: =IFERROR(INDEX(TableRBCalcPts[TM],MATCH(TableRBRanks[[#This Row],[RK]],TableRBCalcPts[RK],0)),"") -> NO | K107: =IFERROR(INDEX(TableRBCalcPts[BYE],MATCH(TableRBRanks[[#This Row],[RK]],TableRBCalcPts[RK],0)),"") -> 8 | L107: =IFERROR(INDEX(TableRBCalcPts[Custom],MATCH(TableRBRanks[[#This Row],[RK]],TableRBCalcPts[RK],0)),"") -> 7.6840138 | M107: =IF(VLOOKUP(TableRBRanks[[#This Row],[Player]],'Ranks w Proj'!$Q:$AB,12,FALSE)<0,0,VLOOKUP(TableRBRanks[[#This Row],[Player]],'Ranks w Proj'!$Q:$AB,12,FALSE)) -> 0 | O107: 106 | P107: =IFERROR(INDEX(TableWRCalcPts[PLAYER],MATCH(TableWRRanks[[#This Row],[RK]],TableWRCalcPts[RK],0)),"") -> De'Zhaun Stribling | Q107: =IFERROR(INDEX(TableWRCalcPts[TM],MATCH(TableWRRanks[[#This Row],[RK]],TableWRCalcPts[RK],0)),"") -> SF | R107: =IFERROR(INDEX(TableWRCalcPts[BYE],MATCH(TableWRRanks[[#This Row],[RK]],TableWRCalcPts[RK],0)),"") -> 8 | S107: =IFERROR(INDEX(TableWRCalcPts[Custom],MATCH(TableWRRanks[[#This Row],[RK]],TableWRCalcPts[RK],0)),"") -> 45.160431 | T107: =IF(VLOOKUP(TableWRRanks[[#This Row],[Player]],'Ranks w Proj'!$AE:$AO,11,FALSE)<0,0,VLOOKUP(TableWRRanks[[#This Row],[Player]],'Ranks w Proj'!$AE:$AO,11,FALSE)) -> 0
H108: 107 | I108: =IFERROR(INDEX(TableRBCalcPts[PLAYER],MATCH(TableRBRanks[[#This Row],[RK]],TableRBCalcPts[RK],0)),"") -> Dylan Laube | J108: =IFERROR(INDEX(TableRBCalcPts[TM],MATCH(TableRBRanks[[#This Row],[RK]],TableRBCalcPts[RK],0)),"") -> LV | K108: =IFERROR(INDEX(TableRBCalcPts[BYE],MATCH(TableRBRanks[[#This Row],[RK]],TableRBCalcPts[RK],0)),"") -> 13 | L108: =IFERROR(INDEX(TableRBCalcPts[Custom],MATCH(TableRBRanks[[#This Row],[RK]],TableRBCalcPts[RK],0)),"") -> 7.677445 | M108: =IF(VLOOKUP(TableRBRanks[[#This Row],[Player]],'Ranks w Proj'!$Q:$AB,12,FALSE)<0,0,VLOOKUP(TableRBRanks[[#This Row],[Player]],'Ranks w Proj'!$Q:$AB,12,FALSE)) -> 0 | O108: 107 | P108: =IFERROR(INDEX(TableWRCalcPts[PLAYER],MATCH(TableWRRanks[[#This Row],[RK]],TableWRCalcPts[RK],0)),"") -> John Metchie | Q108: =IFERROR(INDEX(TableWRCalcPts[TM],MATCH(TableWRRanks[[#This Row],[RK]],TableWRCalcPts[RK],0)),"") -> CAR | R108: =IFERROR(INDEX(TableWRCalcPts[BYE],MATCH(TableWRRanks[[#This Row],[RK]],TableWRCalcPts[RK],0)),"") -> 5 | S108: =IFERROR(INDEX(TableWRCalcPts[Custom],MATCH(TableWRRanks[[#This Row],[RK]],TableWRCalcPts[RK],0)),"") -> 44.115849 | T108: =IF(VLOOKUP(TableWRRanks[[#This Row],[Player]],'Ranks w Proj'!$AE:$AO,11,FALSE)<0,0,VLOOKUP(TableWRRanks[[#This Row],[Player]],'Ranks w Proj'!$AE:$AO,11,FALSE)) -> 0
H109: 108 | I109: =IFERROR(INDEX(TableRBCalcPts[PLAYER],MATCH(TableRBRanks[[#This Row],[RK]],TableRBCalcPts[RK],0)),"") -> Pierre Strong | J109: =IFERROR(INDEX(TableRBCalcPts[TM],MATCH(TableRBRanks[[#This Row],[RK]],TableRBCalcPts[RK],0)),"") -> GB | K109: =IFERROR(INDEX(TableRBCalcPts[BYE],MATCH(TableRBRanks[[#This Row],[RK]],TableRBCalcPts[RK],0)),"") -> 11 | L109: =IFERROR(INDEX(TableRBCalcPts[Custom],MATCH(TableRBRanks[[#This Row],[RK]],TableRBCalcPts[RK],0)),"") -> 3.2733783 | M109: =IF(VLOOKUP(TableRBRanks[[#This Row],[Player]],'Ranks w Proj'!$Q:$AB,12,FALSE)<0,0,VLOOKUP(TableRBRanks[[#This Row],[Player]],'Ranks w Proj'!$Q:$AB,12,FALSE)) -> 0 | O109: 108 | P109: =IFERROR(INDEX(TableWRCalcPts[PLAYER],MATCH(TableWRRanks[[#This Row],[RK]],TableWRCalcPts[RK],0)),"") -> Mack Hollins | Q109: =IFERROR(INDEX(TableWRCalcPts[TM],MATCH(TableWRRanks[[#This Row],[RK]],TableWRCalcPts[RK],0)),"") -> NE | R109: =IFERROR(INDEX(TableWRCalcPts[BYE],MATCH(TableWRRanks[[#This Row],[RK]],TableWRCalcPts[RK],0)),"") -> 11 | S109: =IFERROR(INDEX(TableWRCalcPts[Custom],MATCH(TableWRRanks[[#This Row],[RK]],TableWRCalcPts[RK],0)),"") -> 42.408964 | T109: =IF(VLOOKUP(TableWRRanks[[#This Row],[Player]],'Ranks w Proj'!$AE:$AO,11,FALSE)<0,0,VLOOKUP(TableWRRanks[[#This Row],[Player]],'Ranks w Proj'!$AE:$AO,11,FALSE)) -> 0
H110: 109 | I110: =IFERROR(INDEX(TableRBCalcPts[PLAYER],MATCH(TableRBRanks[[#This Row],[RK]],TableRBCalcPts[RK],0)),"") | J110: =IFERROR(INDEX(TableRBCalcPts[TM],MATCH(TableRBRanks[[#This Row],[RK]],TableRBCalcPts[RK],0)),"") | K110: =IFERROR(INDEX(TableRBCalcPts[BYE],MATCH(TableRBRanks[[#This Row],[RK]],TableRBCalcPts[RK],0)),"") | L110: =IFERROR(INDEX(TableRBCalcPts[Custom],MATCH(TableRBRanks[[#This Row],[RK]],TableRBCalcPts[RK],0)),"") | M110: =IF(VLOOKUP(TableRBRanks[[#This Row],[Player]],'Ranks w Proj'!$Q:$AB,12,FALSE)<0,0,VLOOKUP(TableRBRanks[[#This Row],[Player]],'Ranks w Proj'!$Q:$AB,12,FALSE)) | O110: 109 | P110: =IFERROR(INDEX(TableWRCalcPts[PLAYER],MATCH(TableWRRanks[[#This Row],[RK]],TableWRCalcPts[RK],0)),"") -> Elic Ayomanor | Q110: =IFERROR(INDEX(TableWRCalcPts[TM],MATCH(TableWRRanks[[#This Row],[RK]],TableWRCalcPts[RK],0)),"") -> TEN | R110: =IFERROR(INDEX(TableWRCalcPts[BYE],MATCH(TableWRRanks[[#This Row],[RK]],TableWRCalcPts[RK],0)),"") -> 9 | S110: =IFERROR(INDEX(TableWRCalcPts[Custom],MATCH(TableWRRanks[[#This Row],[RK]],TableWRCalcPts[RK],0)),"") -> 42.293158 | T110: =IF(VLOOKUP(TableWRRanks[[#This Row],[Player]],'Ranks w Proj'!$AE:$AO,11,FALSE)<0,0,VLOOKUP(TableWRRanks[[#This Row],[Player]],'Ranks w Proj'!$AE:$AO,11,FALSE)) -> 0
H111: 110 | I111: =IFERROR(INDEX(TableRBCalcPts[PLAYER],MATCH(TableRBRanks[[#This Row],[RK]],TableRBCalcPts[RK],0)),"") | J111: =IFERROR(INDEX(TableRBCalcPts[TM],MATCH(TableRBRanks[[#This Row],[RK]],TableRBCalcPts[RK],0)),"") | K111: =IFERROR(INDEX(TableRBCalcPts[BYE],MATCH(TableRBRanks[[#This Row],[RK]],TableRBCalcPts[RK],0)),"") | L111: =IFERROR(INDEX(TableRBCalcPts[Custom],MATCH(TableRBRanks[[#This Row],[RK]],TableRBCalcPts[RK],0)),"") | M111: =IF(VLOOKUP(TableRBRanks[[#This Row],[Player]],'Ranks w Proj'!$Q:$AB,12,FALSE)<0,0,VLOOKUP(TableRBRanks[[#This Row],[Player]],'Ranks w Proj'!$Q:$AB,12,FALSE)) | O111: 110 | P111: =IFERROR(INDEX(TableWRCalcPts[PLAYER],MATCH(TableWRRanks[[#This Row],[RK]],TableWRCalcPts[RK],0)),"") -> Kalif Raymond | Q111: =IFERROR(INDEX(TableWRCalcPts[TM],MATCH(TableWRRanks[[#This Row],[RK]],TableWRCalcPts[RK],0)),"") -> CHI | R111: =IFERROR(INDEX(TableWRCalcPts[BYE],MATCH(TableWRRanks[[#This Row],[RK]],TableWRCalcPts[RK],0)),"") -> 10 | S111: =IFERROR(INDEX(TableWRCalcPts[Custom],MATCH(TableWRRanks[[#This Row],[RK]],TableWRCalcPts[RK],0)),"") -> 41.749922 | T111: =IF(VLOOKUP(TableWRRanks[[#This Row],[Player]],'Ranks w Proj'!$AE:$AO,11,FALSE)<0,0,VLOOKUP(TableWRRanks[[#This Row],[Player]],'Ranks w Proj'!$AE:$AO,11,FALSE)) -> 0
H112: 111 | I112: =IFERROR(INDEX(TableRBCalcPts[PLAYER],MATCH(TableRBRanks[[#This Row],[RK]],TableRBCalcPts[RK],0)),"") | J112: =IFERROR(INDEX(TableRBCalcPts[TM],MATCH(TableRBRanks[[#This Row],[RK]],TableRBCalcPts[RK],0)),"") | K112: =IFERROR(INDEX(TableRBCalcPts[BYE],MATCH(TableRBRanks[[#This Row],[RK]],TableRBCalcPts[RK],0)),"") | L112: =IFERROR(INDEX(TableRBCalcPts[Custom],MATCH(TableRBRanks[[#This Row],[RK]],TableRBCalcPts[RK],0)),"") | M112: =IF(VLOOKUP(TableRBRanks[[#This Row],[Player]],'Ranks w Proj'!$Q:$AB,12,FALSE)<0,0,VLOOKUP(TableRBRanks[[#This Row],[Player]],'Ranks w Proj'!$Q:$AB,12,FALSE)) | O112: 111 | P112: =IFERROR(INDEX(TableWRCalcPts[PLAYER],MATCH(TableWRRanks[[#This Row],[RK]],TableWRCalcPts[RK],0)),"") -> Devontez Walker | Q112: =IFERROR(INDEX(TableWRCalcPts[TM],MATCH(TableWRRanks[[#This Row],[RK]],TableWRCalcPts[RK],0)),"") -> BAL | R112: =IFERROR(INDEX(TableWRCalcPts[BYE],MATCH(TableWRRanks[[#This Row],[RK]],TableWRCalcPts[RK],0)),"") -> 13 | S112: =IFERROR(INDEX(TableWRCalcPts[Custom],MATCH(TableWRRanks[[#This Row],[RK]],TableWRCalcPts[RK],0)),"") -> 40.708508 | T112: =IF(VLOOKUP(TableWRRanks[[#This Row],[Player]],'Ranks w Proj'!$AE:$AO,11,FALSE)<0,0,VLOOKUP(TableWRRanks[[#This Row],[Player]],'Ranks w Proj'!$AE:$AO,11,FALSE)) -> 0
H113: 112 | I113: =IFERROR(INDEX(TableRBCalcPts[PLAYER],MATCH(TableRBRanks[[#This Row],[RK]],TableRBCalcPts[RK],0)),"") | J113: =IFERROR(INDEX(TableRBCalcPts[TM],MATCH(TableRBRanks[[#This Row],[RK]],TableRBCalcPts[RK],0)),"") | K113: =IFERROR(INDEX(TableRBCalcPts[BYE],MATCH(TableRBRanks[[#This Row],[RK]],TableRBCalcPts[RK],0)),"") | L113: =IFERROR(INDEX(TableRBCalcPts[Custom],MATCH(TableRBRanks[[#This Row],[RK]],TableRBCalcPts[RK],0)),"") | M113: =IF(VLOOKUP(TableRBRanks[[#This Row],[Player]],'Ranks w Proj'!$Q:$AB,12,FALSE)<0,0,VLOOKUP(TableRBRanks[[#This Row],[Player]],'Ranks w Proj'!$Q:$AB,12,FALSE)) | O113: 112 | P113: =IFERROR(INDEX(TableWRCalcPts[PLAYER],MATCH(TableWRRanks[[#This Row],[RK]],TableWRCalcPts[RK],0)),"") -> Tory Horton | Q113: =IFERROR(INDEX(TableWRCalcPts[TM],MATCH(TableWRRanks[[#This Row],[RK]],TableWRCalcPts[RK],0)),"") -> SEA | R113: =IFERROR(INDEX(TableWRCalcPts[BYE],MATCH(TableWRRanks[[#This Row],[RK]],TableWRCalcPts[RK],0)),"") -> 11 | S113: =IFERROR(INDEX(TableWRCalcPts[Custom],MATCH(TableWRRanks[[#This Row],[RK]],TableWRCalcPts[RK],0)),"") -> 39.720709 | T113: =IF(VLOOKUP(TableWRRanks[[#This Row],[Player]],'Ranks w Proj'!$AE:$AO,11,FALSE)<0,0,VLOOKUP(TableWRRanks[[#This Row],[Player]],'Ranks w Proj'!$AE:$AO,11,FALSE)) -> 0
... H171: 170 | I171: =IFERROR(INDEX(TableRBCalcPts[PLAYER],MATCH(TableRBRanks[[#This Row],[RK]],TableRBCalcPts[RK],0)),"") | J171: =IFERROR(INDEX(TableRBCalcPts[TM],MATCH(TableRBRanks[[#This Row],[RK]],TableRBCalcPts[RK],0)),"") | K171: =IFERROR(INDEX(TableRBCalcPts[BYE],MATCH(TableRBRanks[[#This Row],[RK]],TableRBCalcPts[RK],0)),"") | L171: =IFERROR(INDEX(TableRBCalcPts[Custom],MATCH(TableRBRanks[[#This Row],[RK]],TableRBCalcPts[RK],0)),"") | M171: =IF(VLOOKUP(TableRBRanks[[#This Row],[Player]],'Ranks w Proj'!$Q:$AB,12,FALSE)<0,0,VLOOKUP(TableRBRanks[[#This Row],[Player]],'Ranks w Proj'!$Q:$AB,12,FALSE)) | O171: 170 | P171: =IFERROR(INDEX(TableWRCalcPts[PLAYER],MATCH(TableWRRanks[[#This Row],[RK]],TableWRCalcPts[RK],0)),"") -> CJ Williams | Q171: =IFERROR(INDEX(TableWRCalcPts[TM],MATCH(TableWRRanks[[#This Row],[RK]],TableWRCalcPts[RK],0)),"") -> JAX | R171: =IFERROR(INDEX(TableWRCalcPts[BYE],MATCH(TableWRRanks[[#This Row],[RK]],TableWRCalcPts[RK],0)),"") -> 7 | S171: =IFERROR(INDEX(TableWRCalcPts[Custom],MATCH(TableWRRanks[[#This Row],[RK]],TableWRCalcPts[RK],0)),"") -> 5.9840248 | T171: =IF(VLOOKUP(TableWRRanks[[#This Row],[Player]],'Ranks w Proj'!$AE:$AO,11,FALSE)<0,0,VLOOKUP(TableWRRanks[[#This Row],[Player]],'Ranks w Proj'!$AE:$AO,11,FALSE)) -> 0
O172: 171 | P172: =IFERROR(INDEX(TableWRCalcPts[PLAYER],MATCH(TableWRRanks[[#This Row],[RK]],TableWRCalcPts[RK],0)),"") -> Jeshaun Jones | Q172: =IFERROR(INDEX(TableWRCalcPts[TM],MATCH(TableWRRanks[[#This Row],[RK]],TableWRCalcPts[RK],0)),"") -> MIN | R172: =IFERROR(INDEX(TableWRCalcPts[BYE],MATCH(TableWRRanks[[#This Row],[RK]],TableWRCalcPts[RK],0)),"") -> 6 | S172: =IFERROR(INDEX(TableWRCalcPts[Custom],MATCH(TableWRRanks[[#This Row],[RK]],TableWRCalcPts[RK],0)),"") -> 5.959699 | T172: =IF(VLOOKUP(TableWRRanks[[#This Row],[Player]],'Ranks w Proj'!$AE:$AO,11,FALSE)<0,0,VLOOKUP(TableWRRanks[[#This Row],[Player]],'Ranks w Proj'!$AE:$AO,11,FALSE)) -> 0
O173: 172 | P173: =IFERROR(INDEX(TableWRCalcPts[PLAYER],MATCH(TableWRRanks[[#This Row],[RK]],TableWRCalcPts[RK],0)),"") -> Dareke Young | Q173: =IFERROR(INDEX(TableWRCalcPts[TM],MATCH(TableWRRanks[[#This Row],[RK]],TableWRCalcPts[RK],0)),"") -> LV | R173: =IFERROR(INDEX(TableWRCalcPts[BYE],MATCH(TableWRRanks[[#This Row],[RK]],TableWRCalcPts[RK],0)),"") -> 13 | S173: =IFERROR(INDEX(TableWRCalcPts[Custom],MATCH(TableWRRanks[[#This Row],[RK]],TableWRCalcPts[RK],0)),"") -> 5.5403301 | T173: =IF(VLOOKUP(TableWRRanks[[#This Row],[Player]],'Ranks w Proj'!$AE:$AO,11,FALSE)<0,0,VLOOKUP(TableWRRanks[[#This Row],[Player]],'Ranks w Proj'!$AE:$AO,11,FALSE)) -> 0
O174: 173 | P174: =IFERROR(INDEX(TableWRCalcPts[PLAYER],MATCH(TableWRRanks[[#This Row],[RK]],TableWRCalcPts[RK],0)),"") -> Devin Duvernay | Q174: =IFERROR(INDEX(TableWRCalcPts[TM],MATCH(TableWRRanks[[#This Row],[RK]],TableWRCalcPts[RK],0)),"") -> ARI | R174: =IFERROR(INDEX(TableWRCalcPts[BYE],MATCH(TableWRRanks[[#This Row],[RK]],TableWRCalcPts[RK],0)),"") -> 14 | S174: =IFERROR(INDEX(TableWRCalcPts[Custom],MATCH(TableWRRanks[[#This Row],[RK]],TableWRCalcPts[RK],0)),"") -> 5.4590766 | T174: =IF(VLOOKUP(TableWRRanks[[#This Row],[Player]],'Ranks w Proj'!$AE:$AO,11,FALSE)<0,0,VLOOKUP(TableWRRanks[[#This Row],[Player]],'Ranks w Proj'!$AE:$AO,11,FALSE)) -> 0
O175: 174 | P175: =IFERROR(INDEX(TableWRCalcPts[PLAYER],MATCH(TableWRRanks[[#This Row],[RK]],TableWRCalcPts[RK],0)),"") -> Anthony Gould | Q175: =IFERROR(INDEX(TableWRCalcPts[TM],MATCH(TableWRRanks[[#This Row],[RK]],TableWRCalcPts[RK],0)),"") -> IND | R175: =IFERROR(INDEX(TableWRCalcPts[BYE],MATCH(TableWRRanks[[#This Row],[RK]],TableWRCalcPts[RK],0)),"") -> 13 | S175: =IFERROR(INDEX(TableWRCalcPts[Custom],MATCH(TableWRRanks[[#This Row],[RK]],TableWRCalcPts[RK],0)),"") -> 5.4349145 | T175: =IF(VLOOKUP(TableWRRanks[[#This Row],[Player]],'Ranks w Proj'!$AE:$AO,11,FALSE)<0,0,VLOOKUP(TableWRRanks[[#This Row],[Player]],'Ranks w Proj'!$AE:$AO,11,FALSE)) -> 0
O176: 175 | P176: =IFERROR(INDEX(TableWRCalcPts[PLAYER],MATCH(TableWRRanks[[#This Row],[RK]],TableWRCalcPts[RK],0)),"") -> Tylan Wallace | Q176: =IFERROR(INDEX(TableWRCalcPts[TM],MATCH(TableWRRanks[[#This Row],[RK]],TableWRCalcPts[RK],0)),"") -> CLE | R176: =IFERROR(INDEX(TableWRCalcPts[BYE],MATCH(TableWRRanks[[#This Row],[RK]],TableWRCalcPts[RK],0)),"") -> 11 | S176: =IFERROR(INDEX(TableWRCalcPts[Custom],MATCH(TableWRRanks[[#This Row],[RK]],TableWRCalcPts[RK],0)),"") -> 5.0916214 | T176: =IF(VLOOKUP(TableWRRanks[[#This Row],[Player]],'Ranks w Proj'!$AE:$AO,11,FALSE)<0,0,VLOOKUP(TableWRRanks[[#This Row],[Player]],'Ranks w Proj'!$AE:$AO,11,FALSE)) -> 0
O177: 176 | P177: =IFERROR(INDEX(TableWRCalcPts[PLAYER],MATCH(TableWRRanks[[#This Row],[RK]],TableWRCalcPts[RK],0)),"") -> Josh Cameron | Q177: =IFERROR(INDEX(TableWRCalcPts[TM],MATCH(TableWRRanks[[#This Row],[RK]],TableWRCalcPts[RK],0)),"") -> JAX | R177: =IFERROR(INDEX(TableWRCalcPts[BYE],MATCH(TableWRRanks[[#This Row],[RK]],TableWRCalcPts[RK],0)),"") -> 7 | S177: =IFERROR(INDEX(TableWRCalcPts[Custom],MATCH(TableWRRanks[[#This Row],[RK]],TableWRCalcPts[RK],0)),"") -> 3.4133063 | T177: =IF(VLOOKUP(TableWRRanks[[#This Row],[Player]],'Ranks w Proj'!$AE:$AO,11,FALSE)<0,0,VLOOKUP(TableWRRanks[[#This Row],[Player]],'Ranks w Proj'!$AE:$AO,11,FALSE)) -> 0
O178: 177 | P178: =IFERROR(INDEX(TableWRCalcPts[PLAYER],MATCH(TableWRRanks[[#This Row],[RK]],TableWRCalcPts[RK],0)),"") -> Jeff Caldwell | Q178: =IFERROR(INDEX(TableWRCalcPts[TM],MATCH(TableWRRanks[[#This Row],[RK]],TableWRCalcPts[RK],0)),"") -> KC | R178: =IFERROR(INDEX(TableWRCalcPts[BYE],MATCH(TableWRRanks[[#This Row],[RK]],TableWRCalcPts[RK],0)),"") -> 5 | S178: =IFERROR(INDEX(TableWRCalcPts[Custom],MATCH(TableWRRanks[[#This Row],[RK]],TableWRCalcPts[RK],0)),"") -> 3.3126963 | T178: =IF(VLOOKUP(TableWRRanks[[#This Row],[Player]],'Ranks w Proj'!$AE:$AO,11,FALSE)<0,0,VLOOKUP(TableWRRanks[[#This Row],[Player]],'Ranks w Proj'!$AE:$AO,11,FALSE)) -> 0
O179: 178 | P179: =IFERROR(INDEX(TableWRCalcPts[PLAYER],MATCH(TableWRRanks[[#This Row],[RK]],TableWRCalcPts[RK],0)),"") -> Derius Davis | Q179: =IFERROR(INDEX(TableWRCalcPts[TM],MATCH(TableWRRanks[[#This Row],[RK]],TableWRCalcPts[RK],0)),"") -> LAC | R179: =IFERROR(INDEX(TableWRCalcPts[BYE],MATCH(TableWRRanks[[#This Row],[RK]],TableWRCalcPts[RK],0)),"") -> 7 | S179: =IFERROR(INDEX(TableWRCalcPts[Custom],MATCH(TableWRRanks[[#This Row],[RK]],TableWRCalcPts[RK],0)),"") -> 3.2245768 | T179: =IF(VLOOKUP(TableWRRanks[[#This Row],[Player]],'Ranks w Proj'!$AE:$AO,11,FALSE)<0,0,VLOOKUP(TableWRRanks[[#This Row],[Player]],'Ranks w Proj'!$AE:$AO,11,FALSE)) -> 0
O180: 179 | P180: =IFERROR(INDEX(TableWRCalcPts[PLAYER],MATCH(TableWRRanks[[#This Row],[RK]],TableWRCalcPts[RK],0)),"") -> Malik Benson | Q180: =IFERROR(INDEX(TableWRCalcPts[TM],MATCH(TableWRRanks[[#This Row],[RK]],TableWRCalcPts[RK],0)),"") -> LV | R180: =IFERROR(INDEX(TableWRCalcPts[BYE],MATCH(TableWRRanks[[#This Row],[RK]],TableWRCalcPts[RK],0)),"") -> 13 | S180: =IFERROR(INDEX(TableWRCalcPts[Custom],MATCH(TableWRRanks[[#This Row],[RK]],TableWRCalcPts[RK],0)),"") -> 3.1943597 | T180: =IF(VLOOKUP(TableWRRanks[[#This Row],[Player]],'Ranks w Proj'!$AE:$AO,11,FALSE)<0,0,VLOOKUP(TableWRRanks[[#This Row],[Player]],'Ranks w Proj'!$AE:$AO,11,FALSE)) -> 0
O181: 180 | P181: =IFERROR(INDEX(TableWRCalcPts[PLAYER],MATCH(TableWRRanks[[#This Row],[RK]],TableWRCalcPts[RK],0)),"") -> Xavier Weaver | Q181: =IFERROR(INDEX(TableWRCalcPts[TM],MATCH(TableWRRanks[[#This Row],[RK]],TableWRCalcPts[RK],0)),"") -> ARI | R181: =IFERROR(INDEX(TableWRCalcPts[BYE],MATCH(TableWRRanks[[#This Row],[RK]],TableWRCalcPts[RK],0)),"") -> 14 | S181: =IFERROR(INDEX(TableWRCalcPts[Custom],MATCH(TableWRRanks[[#This Row],[RK]],TableWRCalcPts[RK],0)),"") -> 3.0454781 | T181: =IF(VLOOKUP(TableWRRanks[[#This Row],[Player]],'Ranks w Proj'!$AE:$AO,11,FALSE)<0,0,VLOOKUP(TableWRRanks[[#This Row],[Player]],'Ranks w Proj'!$AE:$AO,11,FALSE)) -> 0
O182: 181 | P182: =IFERROR(INDEX(TableWRCalcPts[PLAYER],MATCH(TableWRRanks[[#This Row],[RK]],TableWRCalcPts[RK],0)),"") -> Arian Smith | Q182: =IFERROR(INDEX(TableWRCalcPts[TM],MATCH(TableWRRanks[[#This Row],[RK]],TableWRCalcPts[RK],0)),"") -> NYJ | R182: =IFERROR(INDEX(TableWRCalcPts[BYE],MATCH(TableWRRanks[[#This Row],[RK]],TableWRCalcPts[RK],0)),"") -> 13 | S182: =IFERROR(INDEX(TableWRCalcPts[Custom],MATCH(TableWRRanks[[#This Row],[RK]],TableWRCalcPts[RK],0)),"") -> 2.8188236 | T182: =IF(VLOOKUP(TableWRRanks[[#This Row],[Player]],'Ranks w Proj'!$AE:$AO,11,FALSE)<0,0,VLOOKUP(TableWRRanks[[#This Row],[Player]],'Ranks w Proj'!$AE:$AO,11,FALSE)) -> 0
O183: 182 | P183: =IFERROR(INDEX(TableWRCalcPts[PLAYER],MATCH(TableWRRanks[[#This Row],[RK]],TableWRCalcPts[RK],0)),"") -> Skyy Moore | Q183: =IFERROR(INDEX(TableWRCalcPts[TM],MATCH(TableWRRanks[[#This Row],[RK]],TableWRCalcPts[RK],0)),"") -> GB | R183: =IFERROR(INDEX(TableWRCalcPts[BYE],MATCH(TableWRRanks[[#This Row],[RK]],TableWRCalcPts[RK],0)),"") -> 11 | S183: =IFERROR(INDEX(TableWRCalcPts[Custom],MATCH(TableWRRanks[[#This Row],[RK]],TableWRCalcPts[RK],0)),"") -> 0 | T183: =IF(VLOOKUP(TableWRRanks[[#This Row],[Player]],'Ranks w Proj'!$AE:$AO,11,FALSE)<0,0,VLOOKUP(TableWRRanks[[#This Row],[Player]],'Ranks w Proj'!$AE:$AO,11,FALSE)) -> 0
... O221: 220 | P221: =IFERROR(INDEX(TableWRCalcPts[PLAYER],MATCH(TableWRRanks[[#This Row],[RK]],TableWRCalcPts[RK],0)),"") | Q221: =IFERROR(INDEX(TableWRCalcPts[TM],MATCH(TableWRRanks[[#This Row],[RK]],TableWRCalcPts[RK],0)),"") | R221: =IFERROR(INDEX(TableWRCalcPts[BYE],MATCH(TableWRRanks[[#This Row],[RK]],TableWRCalcPts[RK],0)),"") | S221: =IFERROR(INDEX(TableWRCalcPts[Custom],MATCH(TableWRRanks[[#This Row],[RK]],TableWRCalcPts[RK],0)),"") | T221: =IF(VLOOKUP(TableWRRanks[[#This Row],[Player]],'Ranks w Proj'!$AE:$AO,11,FALSE)<0,0,VLOOKUP(TableWRRanks[[#This Row],[Player]],'Ranks w Proj'!$AE:$AO,11,FALSE))

Sheet OVR & VORP Ranks
A1: RK | B1: QUARTERBACK | C1: TM | D1: BYE | E1: FPS | F1: VORP | H1: RK | I1: RUNNING BACK | J1: TM | K1: BYE | L1: FPS | M1: VORP | O1: RK | P1: WIDE RECEIVER | Q1: TM | R1: BYE | S1: FPS | T1: VORP | V1: RK | W1: TIGHT END | X1: TM | Y1: BYE | Z1: FPS | AA1: VORP | AC1: Pos | AD1: Calc | AF1: POS | AG1: RK | AH1: OVR RK | AI1: OVERALL PLAYER | AJ1: POS RK | AK1: BYE | AL1: Custom | AM1: VORP | AO1: RK | AP1: OVERALL PLAYER | AQ1: POS RK | AR1: BYE | AS1: FPS | AT1: VORP | AV1: RK | AW1: WR and TE COMBINED | AX1: POS RK | AY1: BYE | AZ1: FPS | BA1: VORP | BC1: POS
A2: 1 | B2: =IFERROR(INDEX(TableQBCalcPts[PLAYER],MATCH(TableQBVORP[[#This Row],[RK]],TableQBCalcPts[RK],0)),"") -> Josh Allen | C2: =IFERROR(INDEX(TableQBCalcPts[TM],MATCH(TableQBVORP[[#This Row],[RK]],TableQBCalcPts[RK],0)),"") -> BUF | D2: =IFERROR(INDEX(TableQBCalcPts[BYE],MATCH(TableQBVORP[[#This Row],[RK]],TableQBCalcPts[RK],0)),"") -> 7 | E2: =IFERROR(INDEX(TableQBCalcPts[Custom],MATCH(TableQBVORP[[#This Row],[RK]],TableQBCalcPts[RK],0)),"") -> 471.56584 | F2: =(IFERROR((TableQBVORP[[#This Row],[FPS]]-INDEX(TableQBVORP[FPS],MATCH(QBVORPCalc,TableQBVORP[RK],0))),""))+(TableRBVORP[[#This Row],[VORP]]*0.45) -> 213.31589 | H2: 1 | I2: =IFERROR(INDEX(TableRBCalcPts[PLAYER],MATCH(TableRBVORP[[#This Row],[RK]],TableRBCalcPts[RK],0)),"") -> Jahmyr Gibbs | J2: =IFERROR(INDEX(TableRBCalcPts[TM],MATCH(TableRBVORP[[#This Row],[RK]],TableRBCalcPts[RK],0)),"") -> DET | K2: =IFERROR(INDEX(TableRBCalcPts[BYE],MATCH(TableRBVORP[[#This Row],[RK]],TableRBCalcPts[RK],0)),"") -> 6 | L2: =IFERROR(INDEX(TableRBCalcPts[Custom],MATCH(TableRBVORP[[#This Row],[RK]],TableRBCalcPts[RK],0)),"") -> 324.15018 | M2: =(IFERROR((TableRBVORP[[#This Row],[FPS]]-INDEX(TableRBVORP[FPS],MATCH(RBVORPCalc,TableRBVORP[RK],0))),""))*0.8 -> 176.11387 | O2: 1 | P2: =IFERROR(INDEX(TableWRCalcPts[PLAYER],MATCH(TableWRVORP[[#This Row],[RK]],TableWRCalcPts[RK],0)),"") -> Jaxon Smith-Njigba | Q2: =IFERROR(INDEX(TableWRCalcPts[TM],MATCH(TableWRVORP[[#This Row],[RK]],TableWRCalcPts[RK],0)),"") -> SEA | R2: =IFERROR(INDEX(TableWRCalcPts[BYE],MATCH(TableWRVORP[[#This Row],[RK]],TableWRCalcPts[RK],0)),"") -> 11 | S2: =IFERROR(INDEX(TableWRCalcPts[Custom],MATCH(TableWRVORP[[#This Row],[RK]],TableWRCalcPts[RK],0)),"") -> 300.17511 | T2: =(IFERROR((TableWRVORP[[#This Row],[FPS]]-INDEX(TableWRVORP[FPS],MATCH(WRVORPCalc,TableWRVORP[RK],0))),"")) -> 209.89092 | V2: 1 | W2: =IFERROR(INDEX(TableTECalcPts[PLAYER],MATCH(TableTEVORP[[#This Row],[RK]],TableTECalcPts[RK],0)),"") -> Colston Loveland | X2: =IFERROR(INDEX(TableTECalcPts[TM],MATCH(TableTEVORP[[#This Row],[RK]],TableTECalcPts[RK],0)),"") -> CHI | Y2: =IFERROR(INDEX(TableTECalcPts[BYE],MATCH(TableTEVORP[[#This Row],[RK]],TableTECalcPts[RK],0)),"") -> 10 | Z2: =IFERROR(INDEX(TableTECalcPts[Custom],MATCH(TableTEVORP[[#This Row],[RK]],TableTECalcPts[RK],0)),"") -> 193.51107 | AA2: =IFERROR((TableTEVORP[[#This Row],[FPS]]-INDEX(TableTEVORP[FPS],MATCH(TEVORPCalc,TableTEVORP[RK],0))),"") -> 115.62528 | AC2: QB | AD2: =IF(STARTING_QB=2,((STARTING_QB*TEAMS)+(AD10)),IF(STARTING_SUPERFLEX=1,((STARTING_QB*(TEAMS*2))+(AD10)),IF(STARTING_SUPERFLEX=2,((STARTING_QB*(TEAMS*2))+(AD10)),((STARTING_QB*TEAMS)+(AD10-(TEAMS)))))) -> 26 | AF2: QB | AG2: 1 | AH2: =RANK(TableOverallMaster[[#This Row],[VORP]],TableOverallMaster[VORP])+COUNTIF($AM$2:AM2,AM2)-1 -> 1 | AI2: =IFERROR(INDEX(TableQBVORP[QUARTERBACK],MATCH(TableOverallMaster[[#This Row],[RK]],TableQBVORP[RK],0)),"") -> Josh Allen | AJ2: =CONCATENATE(AF2,AG2) -> QB1 | AK2: =IFERROR(INDEX(TableQBVORP[BYE],MATCH(TableOverallMaster[[#This Row],[RK]],TableQBVORP[RK],0)),"") -> 7 | AL2: =IFERROR(INDEX(TableQBVORP[FPS],MATCH(TableOverallMaster[[#This Row],[RK]],TableQBVORP[RK],0)),"") -> 471.56584 | AM2: =IFERROR(INDEX(TableQBVORP[VORP],MATCH(TableOverallMaster[[#This Row],[RK]],TableQBVORP[RK],0)),"") -> 213.31589 | AO2: 1 | AP2: =IFERROR(INDEX(TableOverallMaster[OVERALL PLAYER],MATCH(TableOverallRank[[#This Row],[RK]],TableOverallMaster[OVR RK],0)),"") -> Josh Allen | AQ2: =IFERROR(INDEX(TableOverallMaster[POS RK],MATCH(TableOverallRank[[#This Row],[OVERALL PLAYER]],TableOverallMaster[OVERALL PLAYER],0)),"") -> QB1 | AR2: =IFERROR(INDEX(TableOverallMaster[BYE],MATCH(TableOverallRank[[#This Row],[OVERALL PLAYER]],TableOverallMaster[OVERALL PLAYER],0)),"") -> 7 | AS2: =IFERROR(INDEX(TableOverallMaster[Custom],MATCH(TableOverallRank[[#This Row],[OVERALL PLAYER]],TableOverallMaster[OVERALL PLAYER],0)),"") -> 471.56584 | AT2: =IFERROR(INDEX(TableOverallMaster[VORP],MATCH(TableOverallRank[[#This Row],[OVERALL PLAYER]],TableOverallMaster[OVERALL PLAYER],0)),"") -> 213.31589 | AV2: 1 | AW2: =IFERROR(INDEX(TableWRTECalcPts[PLAYER],MATCH(TableWRTERank[[#This Row],[RK]],TableWRTECalcPts[RK],0)),"") -> Jaxon Smith-Njigba | AX2: =IFERROR(INDEX(TableWRTECalcPts[POS RK],MATCH(TableWRTERank[[#This Row],[WR and TE COMBINED]],TableWRTECalcPts[PLAYER],0)),"") -> WR1 | AY2: =IFERROR(INDEX(TableWRTECalcPts[BYE],MATCH(TableWRTERank[[#This Row],[RK]],TableWRTECalcPts[RK],0)),"") -> 11 | AZ2: =IFERROR(INDEX(TableWRTECalcPts[Custom],MATCH(TableWRTERank[[#This Row],[RK]],TableWRTECalcPts[RK],0)),"") -> 300.17511 | BA2: =IFERROR((TableWRTERank[[#This Row],[FPS]]-INDEX(TableWRTERank[FPS],MATCH(WRTEVORPCalc,TableWRTERank[RK],0))),"") -> 158.93873 | BC2: WR | BE2: QB | BF2: =SUMIF(F:F,">0") -> 2748.2313
A3: 2 | B3: =IFERROR(INDEX(TableQBCalcPts[PLAYER],MATCH(TableQBVORP[[#This Row],[RK]],TableQBCalcPts[RK],0)),"") -> Joe Burrow | C3: =IFERROR(INDEX(TableQBCalcPts[TM],MATCH(TableQBVORP[[#This Row],[RK]],TableQBCalcPts[RK],0)),"") -> CIN | D3: =IFERROR(INDEX(TableQBCalcPts[BYE],MATCH(TableQBVORP[[#This Row],[RK]],TableQBCalcPts[RK],0)),"") -> 6 | E3: =IFERROR(INDEX(TableQBCalcPts[Custom],MATCH(TableQBVORP[[#This Row],[RK]],TableQBCalcPts[RK],0)),"") -> 448.82705 | F3: =(IFERROR((TableQBVORP[[#This Row],[FPS]]-INDEX(TableQBVORP[FPS],MATCH(QBVORPCalc,TableQBVORP[RK],0))),""))+(TableRBVORP[[#This Row],[VORP]]*0.45) -> 190.12847 | H3: 2 | I3: =IFERROR(INDEX(TableRBCalcPts[PLAYER],MATCH(TableRBVORP[[#This Row],[RK]],TableRBCalcPts[RK],0)),"") -> Bijan Robinson | J3: =IFERROR(INDEX(TableRBCalcPts[TM],MATCH(TableRBVORP[[#This Row],[RK]],TableRBCalcPts[RK],0)),"") -> ATL | K3: =IFERROR(INDEX(TableRBCalcPts[BYE],MATCH(TableRBVORP[[#This Row],[RK]],TableRBCalcPts[RK],0)),"") -> 11 | L3: =IFERROR(INDEX(TableRBCalcPts[Custom],MATCH(TableRBVORP[[#This Row],[RK]],TableRBCalcPts[RK],0)),"") -> 322.904 | M3: =(IFERROR((TableRBVORP[[#This Row],[FPS]]-INDEX(TableRBVORP[FPS],MATCH(RBVORPCalc,TableRBVORP[RK],0))),""))*0.8 -> 175.11693 | O3: 2 | P3: =IFERROR(INDEX(TableWRCalcPts[PLAYER],MATCH(TableWRVORP[[#This Row],[RK]],TableWRCalcPts[RK],0)),"") -> Ja'Marr Chase | Q3: =IFERROR(INDEX(TableWRCalcPts[TM],MATCH(TableWRVORP[[#This Row],[RK]],TableWRCalcPts[RK],0)),"") -> CIN | R3: =IFERROR(INDEX(TableWRCalcPts[BYE],MATCH(TableWRVORP[[#This Row],[RK]],TableWRCalcPts[RK],0)),"") -> 6 | S3: =IFERROR(INDEX(TableWRCalcPts[Custom],MATCH(TableWRVORP[[#This Row],[RK]],TableWRCalcPts[RK],0)),"") -> 298.87383 | T3: =(IFERROR((TableWRVORP[[#This Row],[FPS]]-INDEX(TableWRVORP[FPS],MATCH(WRVORPCalc,TableWRVORP[RK],0))),"")) -> 208.58965 | V3: 2 | W3: =IFERROR(INDEX(TableTECalcPts[PLAYER],MATCH(TableTEVORP[[#This Row],[RK]],TableTECalcPts[RK],0)),"") -> Brock Bowers | X3: =IFERROR(INDEX(TableTECalcPts[TM],MATCH(TableTEVORP[[#This Row],[RK]],TableTECalcPts[RK],0)),"") -> LV | Y3: =IFERROR(INDEX(TableTECalcPts[BYE],MATCH(TableTEVORP[[#This Row],[RK]],TableTECalcPts[RK],0)),"") -> 13 | Z3: =IFERROR(INDEX(TableTECalcPts[Custom],MATCH(TableTEVORP[[#This Row],[RK]],TableTECalcPts[RK],0)),"") -> 189.2298 | AA3: =IFERROR((TableTEVORP[[#This Row],[FPS]]-INDEX(TableTEVORP[FPS],MATCH(TEVORPCalc,TableTEVORP[RK],0))),"") -> 111.344 | AC3: RB | AD3: =(TEAMS*STARTING_RB)+(STARTING_RB)+((FLEXVORPCalc)) -> 44 | AF3: QB | AG3: 2 | AH3: =RANK(TableOverallMaster[[#This Row],[VORP]],TableOverallMaster[VORP])+COUNTIF($AM$2:AM3,AM3)-1 -> 5 | AI3: =IFERROR(INDEX(TableQBVORP[QUARTERBACK],MATCH(TableOverallMaster[[#This Row],[RK]],TableQBVORP[RK],0)),"") -> Joe Burrow | AJ3: =CONCATENATE(AF3,AG3) -> QB2 | AK3: =IFERROR(INDEX(TableQBVORP[BYE],MATCH(TableOverallMaster[[#This Row],[RK]],TableQBVORP[RK],0)),"") -> 6 | AL3: =IFERROR(INDEX(TableQBVORP[FPS],MATCH(TableOverallMaster[[#This Row],[RK]],TableQBVORP[RK],0)),"") -> 448.82705 | AM3: =IFERROR(INDEX(TableQBVORP[VORP],MATCH(TableOverallMaster[[#This Row],[RK]],TableQBVORP[RK],0)),"") -> 190.12847 | AO3: 2 | AP3: =IFERROR(INDEX(TableOverallMaster[OVERALL PLAYER],MATCH(TableOverallRank[[#This Row],[RK]],TableOverallMaster[OVR RK],0)),"") -> Jaxon Smith-Njigba | AQ3: =IFERROR(INDEX(TableOverallMaster[POS RK],MATCH(TableOverallRank[[#This Row],[OVERALL PLAYER]],TableOverallMaster[OVERALL PLAYER],0)),"") -> WR1 | AR3: =IFERROR(INDEX(TableOverallMaster[BYE],MATCH(TableOverallRank[[#This Row],[OVERALL PLAYER]],TableOverallMaster[OVERALL PLAYER],0)),"") -> 11 | AS3: =IFERROR(INDEX(TableOverallMaster[Custom],MATCH(TableOverallRank[[#This Row],[OVERALL PLAYER]],TableOverallMaster[OVERALL PLAYER],0)),"") -> 300.17511 | AT3: =IFERROR(INDEX(TableOverallMaster[VORP],MATCH(TableOverallRank[[#This Row],[OVERALL PLAYER]],TableOverallMaster[OVERALL PLAYER],0)),"") -> 209.89092 | AV3: 2 | AW3: =IFERROR(INDEX(TableWRTECalcPts[PLAYER],MATCH(TableWRTERank[[#This Row],[RK]],TableWRTECalcPts[RK],0)),"") -> Ja'Marr Chase | AX3: =IFERROR(INDEX(TableWRTECalcPts[POS RK],MATCH(TableWRTERank[[#This Row],[WR and TE COMBINED]],TableWRTECalcPts[PLAYER],0)),"") -> WR2 | AY3: =IFERROR(INDEX(TableWRTECalcPts[BYE],MATCH(TableWRTERank[[#This Row],[RK]],TableWRTECalcPts[RK],0)),"") -> 6 | AZ3: =IFERROR(INDEX(TableWRTECalcPts[Custom],MATCH(TableWRTERank[[#This Row],[RK]],TableWRTECalcPts[RK],0)),"") -> 298.87383 | BA3: =IFERROR((TableWRTERank[[#This Row],[FPS]]-INDEX(TableWRTERank[FPS],MATCH(WRTEVORPCalc,TableWRTERank[RK],0))),"") -> 157.63746 | BC3: WR | BE3: RB | BF3: =SUMIF(M:M,">0") -> 3211.5584
A4: 3 | B4: =IFERROR(INDEX(TableQBCalcPts[PLAYER],MATCH(TableQBVORP[[#This Row],[RK]],TableQBCalcPts[RK],0)),"") -> Drake Maye | C4: =IFERROR(INDEX(TableQBCalcPts[TM],MATCH(TableQBVORP[[#This Row],[RK]],TableQBCalcPts[RK],0)),"") -> NE | D4: =IFERROR(INDEX(TableQBCalcPts[BYE],MATCH(TableQBVORP[[#This Row],[RK]],TableQBCalcPts[RK],0)),"") -> 11 | E4: =IFERROR(INDEX(TableQBCalcPts[Custom],MATCH(TableQBVORP[[#This Row],[RK]],TableQBCalcPts[RK],0)),"") -> 445.96284 | F4: =(IFERROR((TableQBVORP[[#This Row],[FPS]]-INDEX(TableQBVORP[FPS],MATCH(QBVORPCalc,TableQBVORP[RK],0))),""))+(TableRBVORP[[#This Row],[VORP]]*0.45) -> 181.81825 | H4: 3 | I4: =IFERROR(INDEX(TableRBCalcPts[PLAYER],MATCH(TableRBVORP[[#This Row],[RK]],TableRBCalcPts[RK],0)),"") -> Christian McCaffrey | J4: =IFERROR(INDEX(TableRBCalcPts[TM],MATCH(TableRBVORP[[#This Row],[RK]],TableRBCalcPts[RK],0)),"") -> SF | K4: =IFERROR(INDEX(TableRBCalcPts[BYE],MATCH(TableRBVORP[[#This Row],[RK]],TableRBCalcPts[RK],0)),"") -> 8 | L4: =IFERROR(INDEX(TableRBCalcPts[Custom],MATCH(TableRBVORP[[#This Row],[RK]],TableRBCalcPts[RK],0)),"") -> 307.7762 | M4: =(IFERROR((TableRBVORP[[#This Row],[FPS]]-INDEX(TableRBVORP[FPS],MATCH(RBVORPCalc,TableRBVORP[RK],0))),""))*0.8 -> 163.01468 | O4: 3 | P4: =IFERROR(INDEX(TableWRCalcPts[PLAYER],MATCH(TableWRVORP[[#This Row],[RK]],TableWRCalcPts[RK],0)),"") -> Puka Nacua | Q4: =IFERROR(INDEX(TableWRCalcPts[TM],MATCH(TableWRVORP[[#This Row],[RK]],TableWRCalcPts[RK],0)),"") -> LAR | R4: =IFERROR(INDEX(TableWRCalcPts[BYE],MATCH(TableWRVORP[[#This Row],[RK]],TableWRCalcPts[RK],0)),"") -> 11 | S4: =IFERROR(INDEX(TableWRCalcPts[Custom],MATCH(TableWRVORP[[#This Row],[RK]],TableWRCalcPts[RK],0)),"") -> 288.94555 | T4: =(IFERROR((TableWRVORP[[#This Row],[FPS]]-INDEX(TableWRVORP[FPS],MATCH(WRVORPCalc,TableWRVORP[RK],0))),"")) -> 198.66136 | V4: 3 | W4: =IFERROR(INDEX(TableTECalcPts[PLAYER],MATCH(TableTEVORP[[#This Row],[RK]],TableTECalcPts[RK],0)),"") -> Trey McBride | X4: =IFERROR(INDEX(TableTECalcPts[TM],MATCH(TableTEVORP[[#This Row],[RK]],TableTECalcPts[RK],0)),"") -> ARI | Y4: =IFERROR(INDEX(TableTECalcPts[BYE],MATCH(TableTEVORP[[#This Row],[RK]],TableTECalcPts[RK],0)),"") -> 14 | Z4: =IFERROR(INDEX(TableTECalcPts[Custom],MATCH(TableTEVORP[[#This Row],[RK]],TableTECalcPts[RK],0)),"") -> 183.17819 | AA4: =IFERROR((TableTEVORP[[#This Row],[FPS]]-INDEX(TableTEVORP[FPS],MATCH(TEVORPCalc,TableTEVORP[RK],0))),"") -> 105.29239 | AC4: WR | AD4: =(TEAMS*STARTING_WR)+(STARTING_WR)+((FLEXVORPCalc)+(16)) -> 73 | AF4: QB | AG4: 3 | AH4: =RANK(TableOverallMaster[[#This Row],[VORP]],TableOverallMaster[VORP])+COUNTIF($AM$2:AM4,AM4)-1 -> 6 | AI4: =IFERROR(INDEX(TableQBVORP[QUARTERBACK],MATCH(TableOverallMaster[[#This Row],[RK]],TableQBVORP[RK],0)),"") -> Drake Maye | AJ4: =CONCATENATE(AF4,AG4) -> QB3 | AK4: =IFERROR(INDEX(TableQBVORP[BYE],MATCH(TableOverallMaster[[#This Row],[RK]],TableQBVORP[RK],0)),"") -> 11 | AL4: =IFERROR(INDEX(TableQBVORP[FPS],MATCH(TableOverallMaster[[#This Row],[RK]],TableQBVORP[RK],0)),"") -> 445.96284 | AM4: =IFERROR(INDEX(TableQBVORP[VORP],MATCH(TableOverallMaster[[#This Row],[RK]],TableQBVORP[RK],0)),"") -> 181.81825 | AO4: 3 | AP4: =IFERROR(INDEX(TableOverallMaster[OVERALL PLAYER],MATCH(TableOverallRank[[#This Row],[RK]],TableOverallMaster[OVR RK],0)),"") -> Ja'Marr Chase | AQ4: =IFERROR(INDEX(TableOverallMaster[POS RK],MATCH(TableOverallRank[[#This Row],[OVERALL PLAYER]],TableOverallMaster[OVERALL PLAYER],0)),"") -> WR2 | AR4: =IFERROR(INDEX(TableOverallMaster[BYE],MATCH(TableOverallRank[[#This Row],[OVERALL PLAYER]],TableOverallMaster[OVERALL PLAYER],0)),"") -> 6 | AS4: =IFERROR(INDEX(TableOverallMaster[Custom],MATCH(TableOverallRank[[#This Row],[OVERALL PLAYER]],TableOverallMaster[OVERALL PLAYER],0)),"") -> 298.87383 | AT4: =IFERROR(INDEX(TableOverallMaster[VORP],MATCH(TableOverallRank[[#This Row],[OVERALL PLAYER]],TableOverallMaster[OVERALL PLAYER],0)),"") -> 208.58965 | AV4: 3 | AW4: =IFERROR(INDEX(TableWRTECalcPts[PLAYER],MATCH(TableWRTERank[[#This Row],[RK]],TableWRTECalcPts[RK],0)),"") -> Puka Nacua | AX4: =IFERROR(INDEX(TableWRTECalcPts[POS RK],MATCH(TableWRTERank[[#This Row],[WR and TE COMBINED]],TableWRTECalcPts[PLAYER],0)),"") -> WR3 | AY4: =IFERROR(INDEX(TableWRTECalcPts[BYE],MATCH(TableWRTERank[[#This Row],[RK]],TableWRTECalcPts[RK],0)),"") -> 11 | AZ4: =IFERROR(INDEX(TableWRTECalcPts[Custom],MATCH(TableWRTERank[[#This Row],[RK]],TableWRTECalcPts[RK],0)),"") -> 288.94555 | BA4: =IFERROR((TableWRTERank[[#This Row],[FPS]]-INDEX(TableWRTERank[FPS],MATCH(WRTEVORPCalc,TableWRTERank[RK],0))),"") -> 147.70918 | BC4: WR | BE4: WR | BF4: =SUMIF(T:T,">0") -> 5318.7458
A5: 4 | B5: =IFERROR(INDEX(TableQBCalcPts[PLAYER],MATCH(TableQBVORP[[#This Row],[RK]],TableQBCalcPts[RK],0)),"") -> Lamar Jackson | C5: =IFERROR(INDEX(TableQBCalcPts[TM],MATCH(TableQBVORP[[#This Row],[RK]],TableQBCalcPts[RK],0)),"") -> BAL | D5: =IFERROR(INDEX(TableQBCalcPts[BYE],MATCH(TableQBVORP[[#This Row],[RK]],TableQBCalcPts[RK],0)),"") -> 13 | E5: =IFERROR(INDEX(TableQBCalcPts[Custom],MATCH(TableQBVORP[[#This Row],[RK]],TableQBCalcPts[RK],0)),"") -> 425.38039 | F5: =(IFERROR((TableQBVORP[[#This Row],[FPS]]-INDEX(TableQBVORP[FPS],MATCH(QBVORPCalc,TableQBVORP[RK],0))),""))+(TableRBVORP[[#This Row],[VORP]]*0.45) -> 154.0586 | H5: 4 | I5: =IFERROR(INDEX(TableRBCalcPts[PLAYER],MATCH(TableRBVORP[[#This Row],[RK]],TableRBCalcPts[RK],0)),"") -> Jonathan Taylor | J5: =IFERROR(INDEX(TableRBCalcPts[TM],MATCH(TableRBVORP[[#This Row],[RK]],TableRBCalcPts[RK],0)),"") -> IND | K5: =IFERROR(INDEX(TableRBCalcPts[BYE],MATCH(TableRBVORP[[#This Row],[RK]],TableRBCalcPts[RK],0)),"") -> 13 | L5: =IFERROR(INDEX(TableRBCalcPts[Custom],MATCH(TableRBVORP[[#This Row],[RK]],TableRBCalcPts[RK],0)),"") -> 287.83953 | M5: =(IFERROR((TableRBVORP[[#This Row],[FPS]]-INDEX(TableRBVORP[FPS],MATCH(RBVORPCalc,TableRBVORP[RK],0))),""))*0.8 -> 147.06536 | O5: 4 | P5: =IFERROR(INDEX(TableWRCalcPts[PLAYER],MATCH(TableWRVORP[[#This Row],[RK]],TableWRCalcPts[RK],0)),"") -> Amon-Ra St. Brown | Q5: =IFERROR(INDEX(TableWRCalcPts[TM],MATCH(TableWRVORP[[#This Row],[RK]],TableWRCalcPts[RK],0)),"") -> DET | R5: =IFERROR(INDEX(TableWRCalcPts[BYE],MATCH(TableWRVORP[[#This Row],[RK]],TableWRCalcPts[RK],0)),"") -> 6 | S5: =IFERROR(INDEX(TableWRCalcPts[Custom],MATCH(TableWRVORP[[#This Row],[RK]],TableWRCalcPts[RK],0)),"") -> 263.19538 | T5: =(IFERROR((TableWRVORP[[#This Row],[FPS]]-INDEX(TableWRVORP[FPS],MATCH(WRVORPCalc,TableWRVORP[RK],0))),"")) -> 172.91119 | V5: 4 | W5: =IFERROR(INDEX(TableTECalcPts[PLAYER],MATCH(TableTEVORP[[#This Row],[RK]],TableTECalcPts[RK],0)),"") -> Tyler Warren | X5: =IFERROR(INDEX(TableTECalcPts[TM],MATCH(TableTEVORP[[#This Row],[RK]],TableTECalcPts[RK],0)),"") -> IND | Y5: =IFERROR(INDEX(TableTECalcPts[BYE],MATCH(TableTEVORP[[#This Row],[RK]],TableTECalcPts[RK],0)),"") -> 13 | Z5: =IFERROR(INDEX(TableTECalcPts[Custom],MATCH(TableTEVORP[[#This Row],[RK]],TableTECalcPts[RK],0)),"") -> 168.31978 | AA5: =IFERROR((TableTEVORP[[#This Row],[FPS]]-INDEX(TableTEVORP[FPS],MATCH(TEVORPCalc,TableTEVORP[RK],0))),"") -> 90.433981 | AC5: TE | AD5: =(TEAMS*STARTING_TE)+((FLEXVORPCalc)+(0)) -> 30 | AF5: QB | AG5: 4 | AH5: =RANK(TableOverallMaster[[#This Row],[VORP]],TableOverallMaster[VORP])+COUNTIF($AM$2:AM5,AM5)-1 -> 11 | AI5: =IFERROR(INDEX(TableQBVORP[QUARTERBACK],MATCH(TableOverallMaster[[#This Row],[RK]],TableQBVORP[RK],0)),"") -> Lamar Jackson | AJ5: =CONCATENATE(AF5,AG5) -> QB4 | AK5: =IFERROR(INDEX(TableQBVORP[BYE],MATCH(TableOverallMaster[[#This Row],[RK]],TableQBVORP[RK],0)),"") -> 13 | AL5: =IFERROR(INDEX(TableQBVORP[FPS],MATCH(TableOverallMaster[[#This Row],[RK]],TableQBVORP[RK],0)),"") -> 425.38039 | AM5: =IFERROR(INDEX(TableQBVORP[VORP],MATCH(TableOverallMaster[[#This Row],[RK]],TableQBVORP[RK],0)),"") -> 154.0586 | AO5: 4 | AP5: =IFERROR(INDEX(TableOverallMaster[OVERALL PLAYER],MATCH(TableOverallRank[[#This Row],[RK]],TableOverallMaster[OVR RK],0)),"") -> Puka Nacua | AQ5: =IFERROR(INDEX(TableOverallMaster[POS RK],MATCH(TableOverallRank[[#This Row],[OVERALL PLAYER]],TableOverallMaster[OVERALL PLAYER],0)),"") -> WR3 | AR5: =IFERROR(INDEX(TableOverallMaster[BYE],MATCH(TableOverallRank[[#This Row],[OVERALL PLAYER]],TableOverallMaster[OVERALL PLAYER],0)),"") -> 11 | AS5: =IFERROR(INDEX(TableOverallMaster[Custom],MATCH(TableOverallRank[[#This Row],[OVERALL PLAYER]],TableOverallMaster[OVERALL PLAYER],0)),"") -> 288.94555 | AT5: =IFERROR(INDEX(TableOverallMaster[VORP],MATCH(TableOverallRank[[#This Row],[OVERALL PLAYER]],TableOverallMaster[OVERALL PLAYER],0)),"") -> 198.66136 | AV5: 4 | AW5: =IFERROR(INDEX(TableWRTECalcPts[PLAYER],MATCH(TableWRTERank[[#This Row],[RK]],TableWRTECalcPts[RK],0)),"") -> Amon-Ra St. Brown | AX5: =IFERROR(INDEX(TableWRTECalcPts[POS RK],MATCH(TableWRTERank[[#This Row],[WR and TE COMBINED]],TableWRTECalcPts[PLAYER],0)),"") -> WR4 | AY5: =IFERROR(INDEX(TableWRTECalcPts[BYE],MATCH(TableWRTERank[[#This Row],[RK]],TableWRTECalcPts[RK],0)),"") -> 6 | AZ5: =IFERROR(INDEX(TableWRTECalcPts[Custom],MATCH(TableWRTERank[[#This Row],[RK]],TableWRTECalcPts[RK],0)),"") -> 263.19538 | BA5: =IFERROR((TableWRTERank[[#This Row],[FPS]]-INDEX(TableWRTERank[FPS],MATCH(WRTEVORPCalc,TableWRTERank[RK],0))),"") -> 121.95901 | BC5: WR | BE5: TE | BF5: =SUMIF(AA:AA,">0") -> 1495.6989
A6: 5 | B6: =IFERROR(INDEX(TableQBCalcPts[PLAYER],MATCH(TableQBVORP[[#This Row],[RK]],TableQBCalcPts[RK],0)),"") -> Dak Prescott | C6: =IFERROR(INDEX(TableQBCalcPts[TM],MATCH(TableQBVORP[[#This Row],[RK]],TableQBCalcPts[RK],0)),"") -> DAL | D6: =IFERROR(INDEX(TableQBCalcPts[BYE],MATCH(TableQBVORP[[#This Row],[RK]],TableQBCalcPts[RK],0)),"") -> 14 | E6: =IFERROR(INDEX(TableQBCalcPts[Custom],MATCH(TableQBVORP[[#This Row],[RK]],TableQBCalcPts[RK],0)),"") -> 424.26157 | F6: =(IFERROR((TableQBVORP[[#This Row],[FPS]]-INDEX(TableQBVORP[FPS],MATCH(QBVORPCalc,TableQBVORP[RK],0))),""))+(TableRBVORP[[#This Row],[VORP]]*0.45) -> 140.39729 | H6: 5 | I6: =IFERROR(INDEX(TableRBCalcPts[PLAYER],MATCH(TableRBVORP[[#This Row],[RK]],TableRBCalcPts[RK],0)),"") -> James Cook | J6: =IFERROR(INDEX(TableRBCalcPts[TM],MATCH(TableRBVORP[[#This Row],[RK]],TableRBCalcPts[RK],0)),"") -> BUF | K6: =IFERROR(INDEX(TableRBCalcPts[BYE],MATCH(TableRBVORP[[#This Row],[RK]],TableRBCalcPts[RK],0)),"") -> 7 | L6: =IFERROR(INDEX(TableRBCalcPts[Custom],MATCH(TableRBVORP[[#This Row],[RK]],TableRBCalcPts[RK],0)),"") -> 252.99927 | M6: =(IFERROR((TableRBVORP[[#This Row],[FPS]]-INDEX(TableRBVORP[FPS],MATCH(RBVORPCalc,TableRBVORP[RK],0))),""))*0.8 -> 119.19314 | O6: 5 | P6: =IFERROR(INDEX(TableWRCalcPts[PLAYER],MATCH(TableWRVORP[[#This Row],[RK]],TableWRCalcPts[RK],0)),"") -> George Pickens | Q6: =IFERROR(INDEX(TableWRCalcPts[TM],MATCH(TableWRVORP[[#This Row],[RK]],TableWRCalcPts[RK],0)),"") -> DAL | R6: =IFERROR(INDEX(TableWRCalcPts[BYE],MATCH(TableWRVORP[[#This Row],[RK]],TableWRCalcPts[RK],0)),"") -> 14 | S6: =IFERROR(INDEX(TableWRCalcPts[Custom],MATCH(TableWRVORP[[#This Row],[RK]],TableWRCalcPts[RK],0)),"") -> 232.51214 | T6: =(IFERROR((TableWRVORP[[#This Row],[FPS]]-INDEX(TableWRVORP[FPS],MATCH(WRVORPCalc,TableWRVORP[RK],0))),"")) -> 142.22795 | V6: 5 | W6: =IFERROR(INDEX(TableTECalcPts[PLAYER],MATCH(TableTEVORP[[#This Row],[RK]],TableTECalcPts[RK],0)),"") -> Sam LaPorta | X6: =IFERROR(INDEX(TableTECalcPts[TM],MATCH(TableTEVORP[[#This Row],[RK]],TableTECalcPts[RK],0)),"") -> DET | Y6: =IFERROR(INDEX(TableTECalcPts[BYE],MATCH(TableTEVORP[[#This Row],[RK]],TableTECalcPts[RK],0)),"") -> 6 | Z6: =IFERROR(INDEX(TableTECalcPts[Custom],MATCH(TableTEVORP[[#This Row],[RK]],TableTECalcPts[RK],0)),"") -> 155.89637 | AA6: =IFERROR((TableTEVORP[[#This Row],[FPS]]-INDEX(TableTEVORP[FPS],MATCH(TEVORPCalc,TableTEVORP[RK],0))),"") -> 78.010575 | AC6: FLEX | AD6: =(TEAMS*STARTING_FLEX)*1.5 -> 18 | AF6: QB | AG6: 5 | AH6: =RANK(TableOverallMaster[[#This Row],[VORP]],TableOverallMaster[VORP])+COUNTIF($AM$2:AM6,AM6)-1 -> 14 | AI6: =IFERROR(INDEX(TableQBVORP[QUARTERBACK],MATCH(TableOverallMaster[[#This Row],[RK]],TableQBVORP[RK],0)),"") -> Dak Prescott | AJ6: =CONCATENATE(AF6,AG6) -> QB5 | AK6: =IFERROR(INDEX(TableQBVORP[BYE],MATCH(TableOverallMaster[[#This Row],[RK]],TableQBVORP[RK],0)),"") -> 14 | AL6: =IFERROR(INDEX(TableQBVORP[FPS],MATCH(TableOverallMaster[[#This Row],[RK]],TableQBVORP[RK],0)),"") -> 424.26157 | AM6: =IFERROR(INDEX(TableQBVORP[VORP],MATCH(TableOverallMaster[[#This Row],[RK]],TableQBVORP[RK],0)),"") -> 140.39729 | AO6: 5 | AP6: =IFERROR(INDEX(TableOverallMaster[OVERALL PLAYER],MATCH(TableOverallRank[[#This Row],[RK]],TableOverallMaster[OVR RK],0)),"") -> Joe Burrow | AQ6: =IFERROR(INDEX(TableOverallMaster[POS RK],MATCH(TableOverallRank[[#This Row],[OVERALL PLAYER]],TableOverallMaster[OVERALL PLAYER],0)),"") -> QB2 | AR6: =IFERROR(INDEX(TableOverallMaster[BYE],MATCH(TableOverallRank[[#This Row],[OVERALL PLAYER]],TableOverallMaster[OVERALL PLAYER],0)),"") -> 6 | AS6: =IFERROR(INDEX(TableOverallMaster[Custom],MATCH(TableOverallRank[[#This Row],[OVERALL PLAYER]],TableOverallMaster[OVERALL PLAYER],0)),"") -> 448.82705 | AT6: =IFERROR(INDEX(TableOverallMaster[VORP],MATCH(TableOverallRank[[#This Row],[OVERALL PLAYER]],TableOverallMaster[OVERALL PLAYER],0)),"") -> 190.12847 | AV6: 5 | AW6: =IFERROR(INDEX(TableWRTECalcPts[PLAYER],MATCH(TableWRTERank[[#This Row],[RK]],TableWRTECalcPts[RK],0)),"") -> George Pickens | AX6: =IFERROR(INDEX(TableWRTECalcPts[POS RK],MATCH(TableWRTERank[[#This Row],[WR and TE COMBINED]],TableWRTECalcPts[PLAYER],0)),"") -> WR5 | AY6: =IFERROR(INDEX(TableWRTECalcPts[BYE],MATCH(TableWRTERank[[#This Row],[RK]],TableWRTECalcPts[RK],0)),"") -> 14 | AZ6: =IFERROR(INDEX(TableWRTECalcPts[Custom],MATCH(TableWRTERank[[#This Row],[RK]],TableWRTECalcPts[RK],0)),"") -> 232.51214 | BA6: =IFERROR((TableWRTERank[[#This Row],[FPS]]-INDEX(TableWRTERank[FPS],MATCH(WRTEVORPCalc,TableWRTERank[RK],0))),"") -> 91.275769 | BC6: WR | BF6: =SUM(BF2:BF5) -> 12774.234
A7: 6 | B7: =IFERROR(INDEX(TableQBCalcPts[PLAYER],MATCH(TableQBVORP[[#This Row],[RK]],TableQBCalcPts[RK],0)),"") -> Brock Purdy | C7: =IFERROR(INDEX(TableQBCalcPts[TM],MATCH(TableQBVORP[[#This Row],[RK]],TableQBCalcPts[RK],0)),"") -> SF | D7: =IFERROR(INDEX(TableQBCalcPts[BYE],MATCH(TableQBVORP[[#This Row],[RK]],TableQBCalcPts[RK],0)),"") -> 8 | E7: =IFERROR(INDEX(TableQBCalcPts[Custom],MATCH(TableQBVORP[[#This Row],[RK]],TableQBCalcPts[RK],0)),"") -> 421.55037 | F7: =(IFERROR((TableQBVORP[[#This Row],[FPS]]-INDEX(TableQBVORP[FPS],MATCH(QBVORPCalc,TableQBVORP[RK],0))),""))+(TableRBVORP[[#This Row],[VORP]]*0.45) -> 136.37986 | H7: 6 | I7: =IFERROR(INDEX(TableRBCalcPts[PLAYER],MATCH(TableRBVORP[[#This Row],[RK]],TableRBCalcPts[RK],0)),"") -> De'Von Achane | J7: =IFERROR(INDEX(TableRBCalcPts[TM],MATCH(TableRBVORP[[#This Row],[RK]],TableRBCalcPts[RK],0)),"") -> MIA | K7: =IFERROR(INDEX(TableRBCalcPts[BYE],MATCH(TableRBVORP[[#This Row],[RK]],TableRBCalcPts[RK],0)),"") -> 6 | L7: =IFERROR(INDEX(TableRBCalcPts[Custom],MATCH(TableRBVORP[[#This Row],[RK]],TableRBCalcPts[RK],0)),"") -> 249.37088 | M7: =(IFERROR((TableRBVORP[[#This Row],[FPS]]-INDEX(TableRBVORP[FPS],MATCH(RBVORPCalc,TableRBVORP[RK],0))),""))*0.8 -> 116.29043 | O7: 6 | P7: =IFERROR(INDEX(TableWRCalcPts[PLAYER],MATCH(TableWRVORP[[#This Row],[RK]],TableWRCalcPts[RK],0)),"") -> Drake London | Q7: =IFERROR(INDEX(TableWRCalcPts[TM],MATCH(TableWRVORP[[#This Row],[RK]],TableWRCalcPts[RK],0)),"") -> ATL | R7: =IFERROR(INDEX(TableWRCalcPts[BYE],MATCH(TableWRVORP[[#This Row],[RK]],TableWRCalcPts[RK],0)),"") -> 11 | S7: =IFERROR(INDEX(TableWRCalcPts[Custom],MATCH(TableWRVORP[[#This Row],[RK]],TableWRCalcPts[RK],0)),"") -> 228.86491 | T7: =(IFERROR((TableWRVORP[[#This Row],[FPS]]-INDEX(TableWRVORP[FPS],MATCH(WRVORPCalc,TableWRVORP[RK],0))),"")) -> 138.58072 | V7: 6 | W7: =IFERROR(INDEX(TableTECalcPts[PLAYER],MATCH(TableTEVORP[[#This Row],[RK]],TableTECalcPts[RK],0)),"") -> George Kittle | X7: =IFERROR(INDEX(TableTECalcPts[TM],MATCH(TableTEVORP[[#This Row],[RK]],TableTECalcPts[RK],0)),"") -> SF | Y7: =IFERROR(INDEX(TableTECalcPts[BYE],MATCH(TableTEVORP[[#This Row],[RK]],TableTECalcPts[RK],0)),"") -> 8 | Z7: =IFERROR(INDEX(TableTECalcPts[Custom],MATCH(TableTEVORP[[#This Row],[RK]],TableTECalcPts[RK],0)),"") -> 155.06993 | AA7: =IFERROR((TableTEVORP[[#This Row],[FPS]]-INDEX(TableTEVORP[FPS],MATCH(TEVORPCalc,TableTEVORP[RK],0))),"") -> 77.184141 | AC7: SFLEX | AD7: =TEAMS*STARTING_SUPERFLEX -> 12 | AF7: QB | AG7: 6 | AH7: =RANK(TableOverallMaster[[#This Row],[VORP]],TableOverallMaster[VORP])+COUNTIF($AM$2:AM7,AM7)-1 -> 16 | AI7: =IFERROR(INDEX(TableQBVORP[QUARTERBACK],MATCH(TableOverallMaster[[#This Row],[RK]],TableQBVORP[RK],0)),"") -> Brock Purdy | AJ7: =CONCATENATE(AF7,AG7) -> QB6 | AK7: =IFERROR(INDEX(TableQBVORP[BYE],MATCH(TableOverallMaster[[#This Row],[RK]],TableQBVORP[RK],0)),"") -> 8 | AL7: =IFERROR(INDEX(TableQBVORP[FPS],MATCH(TableOverallMaster[[#This Row],[RK]],TableQBVORP[RK],0)),"") -> 421.55037 | AM7: =IFERROR(INDEX(TableQBVORP[VORP],MATCH(TableOverallMaster[[#This Row],[RK]],TableQBVORP[RK],0)),"") -> 136.37986 | AO7: 6 | AP7: =IFERROR(INDEX(TableOverallMaster[OVERALL PLAYER],MATCH(TableOverallRank[[#This Row],[RK]],TableOverallMaster[OVR RK],0)),"") -> Drake Maye | AQ7: =IFERROR(INDEX(TableOverallMaster[POS RK],MATCH(TableOverallRank[[#This Row],[OVERALL PLAYER]],TableOverallMaster[OVERALL PLAYER],0)),"") -> QB3 | AR7: =IFERROR(INDEX(TableOverallMaster[BYE],MATCH(TableOverallRank[[#This Row],[OVERALL PLAYER]],TableOverallMaster[OVERALL PLAYER],0)),"") -> 11 | AS7: =IFERROR(INDEX(TableOverallMaster[Custom],MATCH(TableOverallRank[[#This Row],[OVERALL PLAYER]],TableOverallMaster[OVERALL PLAYER],0)),"") -> 445.96284 | AT7: =IFERROR(INDEX(TableOverallMaster[VORP],MATCH(TableOverallRank[[#This Row],[OVERALL PLAYER]],TableOverallMaster[OVERALL PLAYER],0)),"") -> 181.81825 | AV7: 6 | AW7: =IFERROR(INDEX(TableWRTECalcPts[PLAYER],MATCH(TableWRTERank[[#This Row],[RK]],TableWRTECalcPts[RK],0)),"") -> Drake London | AX7: =IFERROR(INDEX(TableWRTECalcPts[POS RK],MATCH(TableWRTERank[[#This Row],[WR and TE COMBINED]],TableWRTECalcPts[PLAYER],0)),"") -> WR6 | AY7: =IFERROR(INDEX(TableWRTECalcPts[BYE],MATCH(TableWRTERank[[#This Row],[RK]],TableWRTECalcPts[RK],0)),"") -> 11 | AZ7: =IFERROR(INDEX(TableWRTECalcPts[Custom],MATCH(TableWRTERank[[#This Row],[RK]],TableWRTECalcPts[RK],0)),"") -> 228.86491 | BA7: =IFERROR((TableWRTERank[[#This Row],[FPS]]-INDEX(TableWRTERank[FPS],MATCH(WRTEVORPCalc,TableWRTERank[RK],0))),"") -> 87.628537 | BC7: WR
A8: 7 | B8: =IFERROR(INDEX(TableQBCalcPts[PLAYER],MATCH(TableQBVORP[[#This Row],[RK]],TableQBCalcPts[RK],0)),"") -> Patrick Mahomes | C8: =IFERROR(INDEX(TableQBCalcPts[TM],MATCH(TableQBVORP[[#This Row],[RK]],TableQBCalcPts[RK],0)),"") -> KC | D8: =IFERROR(INDEX(TableQBCalcPts[BYE],MATCH(TableQBVORP[[#This Row],[RK]],TableQBCalcPts[RK],0)),"") -> 5 | E8: =IFERROR(INDEX(TableQBCalcPts[Custom],MATCH(TableQBVORP[[#This Row],[RK]],TableQBCalcPts[RK],0)),"") -> 417.24225 | F8: =(IFERROR((TableQBVORP[[#This Row],[FPS]]-INDEX(TableQBVORP[FPS],MATCH(QBVORPCalc,TableQBVORP[RK],0))),""))+(TableRBVORP[[#This Row],[VORP]]*0.45) -> 131.82464 | H8: 7 | I8: =IFERROR(INDEX(TableRBCalcPts[PLAYER],MATCH(TableRBVORP[[#This Row],[RK]],TableRBCalcPts[RK],0)),"") -> Chase Brown | J8: =IFERROR(INDEX(TableRBCalcPts[TM],MATCH(TableRBVORP[[#This Row],[RK]],TableRBCalcPts[RK],0)),"") -> CIN | K8: =IFERROR(INDEX(TableRBCalcPts[BYE],MATCH(TableRBVORP[[#This Row],[RK]],TableRBCalcPts[RK],0)),"") -> 6 | L8: =IFERROR(INDEX(TableRBCalcPts[Custom],MATCH(TableRBVORP[[#This Row],[RK]],TableRBCalcPts[RK],0)),"") -> 248.68447 | M8: =(IFERROR((TableRBVORP[[#This Row],[FPS]]-INDEX(TableRBVORP[FPS],MATCH(RBVORPCalc,TableRBVORP[RK],0))),""))*0.8 -> 115.74131 | O8: 7 | P8: =IFERROR(INDEX(TableWRCalcPts[PLAYER],MATCH(TableWRVORP[[#This Row],[RK]],TableWRCalcPts[RK],0)),"") -> Justin Jefferson | Q8: =IFERROR(INDEX(TableWRCalcPts[TM],MATCH(TableWRVORP[[#This Row],[RK]],TableWRCalcPts[RK],0)),"") -> MIN | R8: =IFERROR(INDEX(TableWRCalcPts[BYE],MATCH(TableWRVORP[[#This Row],[RK]],TableWRCalcPts[RK],0)),"") -> 6 | S8: =IFERROR(INDEX(TableWRCalcPts[Custom],MATCH(TableWRVORP[[#This Row],[RK]],TableWRCalcPts[RK],0)),"") -> 223.24741 | T8: =(IFERROR((TableWRVORP[[#This Row],[FPS]]-INDEX(TableWRVORP[FPS],MATCH(WRVORPCalc,TableWRVORP[RK],0))),"")) -> 132.96322 | V8: 7 | W8: =IFERROR(INDEX(TableTECalcPts[PLAYER],MATCH(TableTEVORP[[#This Row],[RK]],TableTECalcPts[RK],0)),"") -> Harold Fannin | X8: =IFERROR(INDEX(TableTECalcPts[TM],MATCH(TableTEVORP[[#This Row],[RK]],TableTECalcPts[RK],0)),"") -> CLE | Y8: =IFERROR(INDEX(TableTECalcPts[BYE],MATCH(TableTEVORP[[#This Row],[RK]],TableTECalcPts[RK],0)),"") -> 11 | Z8: =IFERROR(INDEX(TableTECalcPts[Custom],MATCH(TableTEVORP[[#This Row],[RK]],TableTECalcPts[RK],0)),"") -> 154.01103 | AA8: =IFERROR((TableTEVORP[[#This Row],[FPS]]-INDEX(TableTEVORP[FPS],MATCH(TEVORPCalc,TableTEVORP[RK],0))),"") -> 76.125235 | AC8: WRTE | AD8: =(TEAMS*STARTING_WR)+(TEAMS*STARTING_TE)+(TEAMS*STARTING_FLEX) -> 60 | AF8: QB | AG8: 7 | AH8: =RANK(TableOverallMaster[[#This Row],[VORP]],TableOverallMaster[VORP])+COUNTIF($AM$2:AM8,AM8)-1 -> 19 | AI8: =IFERROR(INDEX(TableQBVORP[QUARTERBACK],MATCH(TableOverallMaster[[#This Row],[RK]],TableQBVORP[RK],0)),"") -> Patrick Mahomes | AJ8: =CONCATENATE(AF8,AG8) -> QB7 | AK8: =IFERROR(INDEX(TableQBVORP[BYE],MATCH(TableOverallMaster[[#This Row],[RK]],TableQBVORP[RK],0)),"") -> 5 | AL8: =IFERROR(INDEX(TableQBVORP[FPS],MATCH(TableOverallMaster[[#This Row],[RK]],TableQBVORP[RK],0)),"") -> 417.24225 | AM8: =IFERROR(INDEX(TableQBVORP[VORP],MATCH(TableOverallMaster[[#This Row],[RK]],TableQBVORP[RK],0)),"") -> 131.82464 | AO8: 7 | AP8: =IFERROR(INDEX(TableOverallMaster[OVERALL PLAYER],MATCH(TableOverallRank[[#This Row],[RK]],TableOverallMaster[OVR RK],0)),"") -> Jahmyr Gibbs | AQ8: =IFERROR(INDEX(TableOverallMaster[POS RK],MATCH(TableOverallRank[[#This Row],[OVERALL PLAYER]],TableOverallMaster[OVERALL PLAYER],0)),"") -> RB1 | AR8: =IFERROR(INDEX(TableOverallMaster[BYE],MATCH(TableOverallRank[[#This Row],[OVERALL PLAYER]],TableOverallMaster[OVERALL PLAYER],0)),"") -> 6 | AS8: =IFERROR(INDEX(TableOverallMaster[Custom],MATCH(TableOverallRank[[#This Row],[OVERALL PLAYER]],TableOverallMaster[OVERALL PLAYER],0)),"") -> 324.15018 | AT8: =IFERROR(INDEX(TableOverallMaster[VORP],MATCH(TableOverallRank[[#This Row],[OVERALL PLAYER]],TableOverallMaster[OVERALL PLAYER],0)),"") -> 176.11387 | AV8: 7 | AW8: =IFERROR(INDEX(TableWRTECalcPts[PLAYER],MATCH(TableWRTERank[[#This Row],[RK]],TableWRTECalcPts[RK],0)),"") -> Justin Jefferson | AX8: =IFERROR(INDEX(TableWRTECalcPts[POS RK],MATCH(TableWRTERank[[#This Row],[WR and TE COMBINED]],TableWRTECalcPts[PLAYER],0)),"") -> WR7 | AY8: =IFERROR(INDEX(TableWRTECalcPts[BYE],MATCH(TableWRTERank[[#This Row],[RK]],TableWRTECalcPts[RK],0)),"") -> 6 | AZ8: =IFERROR(INDEX(TableWRTECalcPts[Custom],MATCH(TableWRTERank[[#This Row],[RK]],TableWRTECalcPts[RK],0)),"") -> 223.24741 | BA8: =IFERROR((TableWRTERank[[#This Row],[FPS]]-INDEX(TableWRTERank[FPS],MATCH(WRTEVORPCalc,TableWRTERank[RK],0))),"") -> 82.011036 | BC8: WR
A9: 8 | B9: =IFERROR(INDEX(TableQBCalcPts[PLAYER],MATCH(TableQBVORP[[#This Row],[RK]],TableQBCalcPts[RK],0)),"") -> Jared Goff | C9: =IFERROR(INDEX(TableQBCalcPts[TM],MATCH(TableQBVORP[[#This Row],[RK]],TableQBCalcPts[RK],0)),"") -> DET | D9: =IFERROR(INDEX(TableQBCalcPts[BYE],MATCH(TableQBVORP[[#This Row],[RK]],TableQBCalcPts[RK],0)),"") -> 6 | E9: =IFERROR(INDEX(TableQBCalcPts[Custom],MATCH(TableQBVORP[[#This Row],[RK]],TableQBCalcPts[RK],0)),"") -> 415.16834 | F9: =(IFERROR((TableQBVORP[[#This Row],[FPS]]-INDEX(TableQBVORP[FPS],MATCH(QBVORPCalc,TableQBVORP[RK],0))),""))+(TableRBVORP[[#This Row],[VORP]]*0.45) -> 126.91804 | H9: 8 | I9: =IFERROR(INDEX(TableRBCalcPts[PLAYER],MATCH(TableRBVORP[[#This Row],[RK]],TableRBCalcPts[RK],0)),"") -> Derrick Henry | J9: =IFERROR(INDEX(TableRBCalcPts[TM],MATCH(TableRBVORP[[#This Row],[RK]],TableRBCalcPts[RK],0)),"") -> BAL | K9: =IFERROR(INDEX(TableRBCalcPts[BYE],MATCH(TableRBVORP[[#This Row],[RK]],TableRBCalcPts[RK],0)),"") -> 13 | L9: =IFERROR(INDEX(TableRBCalcPts[Custom],MATCH(TableRBVORP[[#This Row],[RK]],TableRBCalcPts[RK],0)),"") -> 240.8159 | M9: =(IFERROR((TableRBVORP[[#This Row],[FPS]]-INDEX(TableRBVORP[FPS],MATCH(RBVORPCalc,TableRBVORP[RK],0))),""))*0.8 -> 109.44645 | O9: 8 | P9: =IFERROR(INDEX(TableWRCalcPts[PLAYER],MATCH(TableWRVORP[[#This Row],[RK]],TableWRCalcPts[RK],0)),"") -> CeeDee Lamb | Q9: =IFERROR(INDEX(TableWRCalcPts[TM],MATCH(TableWRVORP[[#This Row],[RK]],TableWRCalcPts[RK],0)),"") -> DAL | R9: =IFERROR(INDEX(TableWRCalcPts[BYE],MATCH(TableWRVORP[[#This Row],[RK]],TableWRCalcPts[RK],0)),"") -> 14 | S9: =IFERROR(INDEX(TableWRCalcPts[Custom],MATCH(TableWRVORP[[#This Row],[RK]],TableWRCalcPts[RK],0)),"") -> 223.24357 | T9: =(IFERROR((TableWRVORP[[#This Row],[FPS]]-INDEX(TableWRVORP[FPS],MATCH(WRVORPCalc,TableWRVORP[RK],0))),"")) -> 132.95939 | V9: 8 | W9: =IFERROR(INDEX(TableTECalcPts[PLAYER],MATCH(TableTEVORP[[#This Row],[RK]],TableTECalcPts[RK],0)),"") -> Tucker Kraft | X9: =IFERROR(INDEX(TableTECalcPts[TM],MATCH(TableTEVORP[[#This Row],[RK]],TableTECalcPts[RK],0)),"") -> GB | Y9: =IFERROR(INDEX(TableTECalcPts[BYE],MATCH(TableTEVORP[[#This Row],[RK]],TableTECalcPts[RK],0)),"") -> 11 | Z9: =IFERROR(INDEX(TableTECalcPts[Custom],MATCH(TableTEVORP[[#This Row],[RK]],TableTECalcPts[RK],0)),"") -> 153.12367 | AA9: =IFERROR((TableTEVORP[[#This Row],[FPS]]-INDEX(TableTEVORP[FPS],MATCH(TEVORPCalc,TableTEVORP[RK],0))),"") -> 75.23788 | AF9: QB | AG9: 8 | AH9: =RANK(TableOverallMaster[[#This Row],[VORP]],TableOverallMaster[VORP])+COUNTIF($AM$2:AM9,AM9)-1 -> 21 | AI9: =IFERROR(INDEX(TableQBVORP[QUARTERBACK],MATCH(TableOverallMaster[[#This Row],[RK]],TableQBVORP[RK],0)),"") -> Jared Goff | AJ9: =CONCATENATE(AF9,AG9) -> QB8 | AK9: =IFERROR(INDEX(TableQBVORP[BYE],MATCH(TableOverallMaster[[#This Row],[RK]],TableQBVORP[RK],0)),"") -> 6 | AL9: =IFERROR(INDEX(TableQBVORP[FPS],MATCH(TableOverallMaster[[#This Row],[RK]],TableQBVORP[RK],0)),"") -> 415.16834 | AM9: =IFERROR(INDEX(TableQBVORP[VORP],MATCH(TableOverallMaster[[#This Row],[RK]],TableQBVORP[RK],0)),"") -> 126.91804 | AO9: 8 | AP9: =IFERROR(INDEX(TableOverallMaster[OVERALL PLAYER],MATCH(TableOverallRank[[#This Row],[RK]],TableOverallMaster[OVR RK],0)),"") -> Bijan Robinson | AQ9: =IFERROR(INDEX(TableOverallMaster[POS RK],MATCH(TableOverallRank[[#This Row],[OVERALL PLAYER]],TableOverallMaster[OVERALL PLAYER],0)),"") -> RB2 | AR9: =IFERROR(INDEX(TableOverallMaster[BYE],MATCH(TableOverallRank[[#This Row],[OVERALL PLAYER]],TableOverallMaster[OVERALL PLAYER],0)),"") -> 11 | AS9: =IFERROR(INDEX(TableOverallMaster[Custom],MATCH(TableOverallRank[[#This Row],[OVERALL PLAYER]],TableOverallMaster[OVERALL PLAYER],0)),"") -> 322.904 | AT9: =IFERROR(INDEX(TableOverallMaster[VORP],MATCH(TableOverallRank[[#This Row],[OVERALL PLAYER]],TableOverallMaster[OVERALL PLAYER],0)),"") -> 175.11693 | AV9: 8 | AW9: =IFERROR(INDEX(TableWRTECalcPts[PLAYER],MATCH(TableWRTERank[[#This Row],[RK]],TableWRTECalcPts[RK],0)),"") -> CeeDee Lamb | AX9: =IFERROR(INDEX(TableWRTECalcPts[POS RK],MATCH(TableWRTERank[[#This Row],[WR and TE COMBINED]],TableWRTECalcPts[PLAYER],0)),"") -> WR8 | AY9: =IFERROR(INDEX(TableWRTECalcPts[BYE],MATCH(TableWRTERank[[#This Row],[RK]],TableWRTECalcPts[RK],0)),"") -> 14 | AZ9: =IFERROR(INDEX(TableWRTECalcPts[Custom],MATCH(TableWRTERank[[#This Row],[RK]],TableWRTECalcPts[RK],0)),"") -> 223.24357 | BA9: =IFERROR((TableWRTERank[[#This Row],[FPS]]-INDEX(TableWRTERank[FPS],MATCH(WRTEVORPCalc,TableWRTERank[RK],0))),"") -> 82.007202 | BC9: WR
A10: 9 | B10: =IFERROR(INDEX(TableQBCalcPts[PLAYER],MATCH(TableQBVORP[[#This Row],[RK]],TableQBCalcPts[RK],0)),"") -> Matthew Stafford | C10: =IFERROR(INDEX(TableQBCalcPts[TM],MATCH(TableQBVORP[[#This Row],[RK]],TableQBCalcPts[RK],0)),"") -> LAR | D10: =IFERROR(INDEX(TableQBCalcPts[BYE],MATCH(TableQBVORP[[#This Row],[RK]],TableQBCalcPts[RK],0)),"") -> 11 | E10: =IFERROR(INDEX(TableQBCalcPts[Custom],MATCH(TableQBVORP[[#This Row],[RK]],TableQBCalcPts[RK],0)),"") -> 414.58253 | F10: =(IFERROR((TableQBVORP[[#This Row],[FPS]]-INDEX(TableQBVORP[FPS],MATCH(QBVORPCalc,TableQBVORP[RK],0))),""))+(TableRBVORP[[#This Row],[VORP]]*0.45) -> 123.89503 | H10: 9 | I10: =IFERROR(INDEX(TableRBCalcPts[PLAYER],MATCH(TableRBVORP[[#This Row],[RK]],TableRBCalcPts[RK],0)),"") -> Saquon Barkley | J10: =IFERROR(INDEX(TableRBCalcPts[TM],MATCH(TableRBVORP[[#This Row],[RK]],TableRBCalcPts[RK],0)),"") -> PHI | K10: =IFERROR(INDEX(TableRBCalcPts[BYE],MATCH(TableRBVORP[[#This Row],[RK]],TableRBCalcPts[RK],0)),"") -> 10 | L10: =IFERROR(INDEX(TableRBCalcPts[Custom],MATCH(TableRBVORP[[#This Row],[RK]],TableRBCalcPts[RK],0)),"") -> 234.04588 | M10: =(IFERROR((TableRBVORP[[#This Row],[FPS]]-INDEX(TableRBVORP[FPS],MATCH(RBVORPCalc,TableRBVORP[RK],0))),""))*0.8 -> 104.03044 | O10: 9 | P10: =IFERROR(INDEX(TableWRCalcPts[PLAYER],MATCH(TableWRVORP[[#This Row],[RK]],TableWRCalcPts[RK],0)),"") -> A.J. Brown | Q10: =IFERROR(INDEX(TableWRCalcPts[TM],MATCH(TableWRVORP[[#This Row],[RK]],TableWRCalcPts[RK],0)),"") -> NE | R10: =IFERROR(INDEX(TableWRCalcPts[BYE],MATCH(TableWRVORP[[#This Row],[RK]],TableWRCalcPts[RK],0)),"") -> 11 | S10: =IFERROR(INDEX(TableWRCalcPts[Custom],MATCH(TableWRVORP[[#This Row],[RK]],TableWRCalcPts[RK],0)),"") -> 221.005 | T10: =(IFERROR((TableWRVORP[[#This Row],[FPS]]-INDEX(TableWRVORP[FPS],MATCH(WRVORPCalc,TableWRVORP[RK],0))),"")) -> 130.72082 | V10: 9 | W10: =IFERROR(INDEX(TableTECalcPts[PLAYER],MATCH(TableTEVORP[[#This Row],[RK]],TableTECalcPts[RK],0)),"") -> Isaiah Likely | X10: =IFERROR(INDEX(TableTECalcPts[TM],MATCH(TableTEVORP[[#This Row],[RK]],TableTECalcPts[RK],0)),"") -> NYG | Y10: =IFERROR(INDEX(TableTECalcPts[BYE],MATCH(TableTEVORP[[#This Row],[RK]],TableTECalcPts[RK],0)),"") -> 8 | Z10: =IFERROR(INDEX(TableTECalcPts[Custom],MATCH(TableTEVORP[[#This Row],[RK]],TableTECalcPts[RK],0)),"") -> 148.8925 | AA10: =IFERROR((TableTEVORP[[#This Row],[FPS]]-INDEX(TableTEVORP[FPS],MATCH(TEVORPCalc,TableTEVORP[RK],0))),"") -> 71.006707 | AD10: =IF(AND(TEAMS>0,TEAMS<8),8,IF(AND(TEAMS>7,TEAMS<12),6,IF(AND(TEAMS>11,TEAMS<14),2,2))) -> 2 | AF10: QB | AG10: 9 | AH10: =RANK(TableOverallMaster[[#This Row],[VORP]],TableOverallMaster[VORP])+COUNTIF($AM$2:AM10,AM10)-1 -> 22 | AI10: =IFERROR(INDEX(TableQBVORP[QUARTERBACK],MATCH(TableOverallMaster[[#This Row],[RK]],TableQBVORP[RK],0)),"") -> Matthew Stafford | AJ10: =CONCATENATE(AF10,AG10) -> QB9 | AK10: =IFERROR(INDEX(TableQBVORP[BYE],MATCH(TableOverallMaster[[#This Row],[RK]],TableQBVORP[RK],0)),"") -> 11 | AL10: =IFERROR(INDEX(TableQBVORP[FPS],MATCH(TableOverallMaster[[#This Row],[RK]],TableQBVORP[RK],0)),"") -> 414.58253 | AM10: =IFERROR(INDEX(TableQBVORP[VORP],MATCH(TableOverallMaster[[#This Row],[RK]],TableQBVORP[RK],0)),"") -> 123.89503 | AO10: 9 | AP10: =IFERROR(INDEX(TableOverallMaster[OVERALL PLAYER],MATCH(TableOverallRank[[#This Row],[RK]],TableOverallMaster[OVR RK],0)),"") -> Amon-Ra St. Brown | AQ10: =IFERROR(INDEX(TableOverallMaster[POS RK],MATCH(TableOverallRank[[#This Row],[OVERALL PLAYER]],TableOverallMaster[OVERALL PLAYER],0)),"") -> WR4 | AR10: =IFERROR(INDEX(TableOverallMaster[BYE],MATCH(TableOverallRank[[#This Row],[OVERALL PLAYER]],TableOverallMaster[OVERALL PLAYER],0)),"") -> 6 | AS10: =IFERROR(INDEX(TableOverallMaster[Custom],MATCH(TableOverallRank[[#This Row],[OVERALL PLAYER]],TableOverallMaster[OVERALL PLAYER],0)),"") -> 263.19538 | AT10: =IFERROR(INDEX(TableOverallMaster[VORP],MATCH(TableOverallRank[[#This Row],[OVERALL PLAYER]],TableOverallMaster[OVERALL PLAYER],0)),"") -> 172.91119 | AV10: 9 | AW10: =IFERROR(INDEX(TableWRTECalcPts[PLAYER],MATCH(TableWRTERank[[#This Row],[RK]],TableWRTECalcPts[RK],0)),"") -> A.J. Brown | AX10: =IFERROR(INDEX(TableWRTECalcPts[POS RK],MATCH(TableWRTERank[[#This Row],[WR and TE COMBINED]],TableWRTECalcPts[PLAYER],0)),"") -> WR9 | AY10: =IFERROR(INDEX(TableWRTECalcPts[BYE],MATCH(TableWRTERank[[#This Row],[RK]],TableWRTECalcPts[RK],0)),"") -> 11 | AZ10: =IFERROR(INDEX(TableWRTECalcPts[Custom],MATCH(TableWRTERank[[#This Row],[RK]],TableWRTECalcPts[RK],0)),"") -> 221.005 | BA10: =IFERROR((TableWRTERank[[#This Row],[FPS]]-INDEX(TableWRTERank[FPS],MATCH(WRTEVORPCalc,TableWRTERank[RK],0))),"") -> 79.768633 | BC10: WR
A11: 10 | B11: =IFERROR(INDEX(TableQBCalcPts[PLAYER],MATCH(TableQBVORP[[#This Row],[RK]],TableQBCalcPts[RK],0)),"") -> Jalen Hurts | C11: =IFERROR(INDEX(TableQBCalcPts[TM],MATCH(TableQBVORP[[#This Row],[RK]],TableQBCalcPts[RK],0)),"") -> PHI | D11: =IFERROR(INDEX(TableQBCalcPts[BYE],MATCH(TableQBVORP[[#This Row],[RK]],TableQBCalcPts[RK],0)),"") -> 10 | E11: =IFERROR(INDEX(TableQBCalcPts[Custom],MATCH(TableQBVORP[[#This Row],[RK]],TableQBCalcPts[RK],0)),"") -> 411.78413 | F11: =(IFERROR((TableQBVORP[[#This Row],[FPS]]-INDEX(TableQBVORP[FPS],MATCH(QBVORPCalc,TableQBVORP[RK],0))),""))+(TableRBVORP[[#This Row],[VORP]]*0.45) -> 120.79223 | H11: 10 | I11: =IFERROR(INDEX(TableRBCalcPts[PLAYER],MATCH(TableRBVORP[[#This Row],[RK]],TableRBCalcPts[RK],0)),"") -> Kenneth Walker | J11: =IFERROR(INDEX(TableRBCalcPts[TM],MATCH(TableRBVORP[[#This Row],[RK]],TableRBCalcPts[RK],0)),"") -> KC | K11: =IFERROR(INDEX(TableRBCalcPts[BYE],MATCH(TableRBVORP[[#This Row],[RK]],TableRBCalcPts[RK],0)),"") -> 5 | L11: =IFERROR(INDEX(TableRBCalcPts[Custom],MATCH(TableRBVORP[[#This Row],[RK]],TableRBCalcPts[RK],0)),"") -> 233.20035 | M11: =(IFERROR((TableRBVORP[[#This Row],[FPS]]-INDEX(TableRBVORP[FPS],MATCH(RBVORPCalc,TableRBVORP[RK],0))),""))*0.8 -> 103.35401 | O11: 10 | P11: =IFERROR(INDEX(TableWRCalcPts[PLAYER],MATCH(TableWRVORP[[#This Row],[RK]],TableWRCalcPts[RK],0)),"") -> Nico Collins | Q11: =IFERROR(INDEX(TableWRCalcPts[TM],MATCH(TableWRVORP[[#This Row],[RK]],TableWRCalcPts[RK],0)),"") -> HOU | R11: =IFERROR(INDEX(TableWRCalcPts[BYE],MATCH(TableWRVORP[[#This Row],[RK]],TableWRCalcPts[RK],0)),"") -> 8 | S11: =IFERROR(INDEX(TableWRCalcPts[Custom],MATCH(TableWRVORP[[#This Row],[RK]],TableWRCalcPts[RK],0)),"") -> 212.48861 | T11: =(IFERROR((TableWRVORP[[#This Row],[FPS]]-INDEX(TableWRVORP[FPS],MATCH(WRVORPCalc,TableWRVORP[RK],0))),"")) -> 122.20443 | V11: 10 | W11: =IFERROR(INDEX(TableTECalcPts[PLAYER],MATCH(TableTEVORP[[#This Row],[RK]],TableTECalcPts[RK],0)),"") -> Travis Kelce | X11: =IFERROR(INDEX(TableTECalcPts[TM],MATCH(TableTEVORP[[#This Row],[RK]],TableTECalcPts[RK],0)),"") -> KC | Y11: =IFERROR(INDEX(TableTECalcPts[BYE],MATCH(TableTEVORP[[#This Row],[RK]],TableTECalcPts[RK],0)),"") -> 5 | Z11: =IFERROR(INDEX(TableTECalcPts[Custom],MATCH(TableTEVORP[[#This Row],[RK]],TableTECalcPts[RK],0)),"") -> 147.70318 | AA11: =IFERROR((TableTEVORP[[#This Row],[FPS]]-INDEX(TableTEVORP[FPS],MATCH(TEVORPCalc,TableTEVORP[RK],0))),"") -> 69.817381 | AF11: QB | AG11: 10 | AH11: =RANK(TableOverallMaster[[#This Row],[VORP]],TableOverallMaster[VORP])+COUNTIF($AM$2:AM11,AM11)-1 -> 24 | AI11: =IFERROR(INDEX(TableQBVORP[QUARTERBACK],MATCH(TableOverallMaster[[#This Row],[RK]],TableQBVORP[RK],0)),"") -> Jalen Hurts | AJ11: =CONCATENATE(AF11,AG11) -> QB10 | AK11: =IFERROR(INDEX(TableQBVORP[BYE],MATCH(TableOverallMaster[[#This Row],[RK]],TableQBVORP[RK],0)),"") -> 10 | AL11: =IFERROR(INDEX(TableQBVORP[FPS],MATCH(TableOverallMaster[[#This Row],[RK]],TableQBVORP[RK],0)),"") -> 411.78413 | AM11: =IFERROR(INDEX(TableQBVORP[VORP],MATCH(TableOverallMaster[[#This Row],[RK]],TableQBVORP[RK],0)),"") -> 120.79223 | AO11: 10 | AP11: =IFERROR(INDEX(TableOverallMaster[OVERALL PLAYER],MATCH(TableOverallRank[[#This Row],[RK]],TableOverallMaster[OVR RK],0)),"") -> Christian McCaffrey | AQ11: =IFERROR(INDEX(TableOverallMaster[POS RK],MATCH(TableOverallRank[[#This Row],[OVERALL PLAYER]],TableOverallMaster[OVERALL PLAYER],0)),"") -> RB3 | AR11: =IFERROR(INDEX(TableOverallMaster[BYE],MATCH(TableOverallRank[[#This Row],[OVERALL PLAYER]],TableOverallMaster[OVERALL PLAYER],0)),"") -> 8 | AS11: =IFERROR(INDEX(TableOverallMaster[Custom],MATCH(TableOverallRank[[#This Row],[OVERALL PLAYER]],TableOverallMaster[OVERALL PLAYER],0)),"") -> 307.7762 | AT11: =IFERROR(INDEX(TableOverallMaster[VORP],MATCH(TableOverallRank[[#This Row],[OVERALL PLAYER]],TableOverallMaster[OVERALL PLAYER],0)),"") -> 163.01468 | AV11: 10 | AW11: =IFERROR(INDEX(TableWRTECalcPts[PLAYER],MATCH(TableWRTERank[[#This Row],[RK]],TableWRTECalcPts[RK],0)),"") -> Nico Collins | AX11: =IFERROR(INDEX(TableWRTECalcPts[POS RK],MATCH(TableWRTERank[[#This Row],[WR and TE COMBINED]],TableWRTECalcPts[PLAYER],0)),"") -> WR10 | AY11: =IFERROR(INDEX(TableWRTECalcPts[BYE],MATCH(TableWRTERank[[#This Row],[RK]],TableWRTECalcPts[RK],0)),"") -> 8 | AZ11: =IFERROR(INDEX(TableWRTECalcPts[Custom],MATCH(TableWRTERank[[#This Row],[RK]],TableWRTECalcPts[RK],0)),"") -> 212.48861 | BA11: =IFERROR((TableWRTERank[[#This Row],[FPS]]-INDEX(TableWRTERank[FPS],MATCH(WRTEVORPCalc,TableWRTERank[RK],0))),"") -> 71.252241 | BC11: WR
A12: 11 | B12: =IFERROR(INDEX(TableQBCalcPts[PLAYER],MATCH(TableQBVORP[[#This Row],[RK]],TableQBCalcPts[RK],0)),"") -> Trevor Lawrence | C12: =IFERROR(INDEX(TableQBCalcPts[TM],MATCH(TableQBVORP[[#This Row],[RK]],TableQBCalcPts[RK],0)),"") -> JAX | D12: =IFERROR(INDEX(TableQBCalcPts[BYE],MATCH(TableQBVORP[[#This Row],[RK]],TableQBCalcPts[RK],0)),"") -> 7 | E12: =IFERROR(INDEX(TableQBCalcPts[Custom],MATCH(TableQBVORP[[#This Row],[RK]],TableQBCalcPts[RK],0)),"") -> 409.37929 | F12: =(IFERROR((TableQBVORP[[#This Row],[FPS]]-INDEX(TableQBVORP[FPS],MATCH(QBVORPCalc,TableQBVORP[RK],0))),""))+(TableRBVORP[[#This Row],[VORP]]*0.45) -> 118.34293 | H12: 11 | I12: =IFERROR(INDEX(TableRBCalcPts[PLAYER],MATCH(TableRBVORP[[#This Row],[RK]],TableRBCalcPts[RK],0)),"") -> Omarion Hampton | J12: =IFERROR(INDEX(TableRBCalcPts[TM],MATCH(TableRBVORP[[#This Row],[RK]],TableRBCalcPts[RK],0)),"") -> LAC | K12: =IFERROR(INDEX(TableRBCalcPts[BYE],MATCH(TableRBVORP[[#This Row],[RK]],TableRBCalcPts[RK],0)),"") -> 7 | L12: =IFERROR(INDEX(TableRBCalcPts[Custom],MATCH(TableRBVORP[[#This Row],[RK]],TableRBCalcPts[RK],0)),"") -> 233.07684 | M12: =(IFERROR((TableRBVORP[[#This Row],[FPS]]-INDEX(TableRBVORP[FPS],MATCH(RBVORPCalc,TableRBVORP[RK],0))),""))*0.8 -> 103.2552 | O12: 11 | P12: =IFERROR(INDEX(TableWRCalcPts[PLAYER],MATCH(TableWRVORP[[#This Row],[RK]],TableWRCalcPts[RK],0)),"") -> Tee Higgins | Q12: =IFERROR(INDEX(TableWRCalcPts[TM],MATCH(TableWRVORP[[#This Row],[RK]],TableWRCalcPts[RK],0)),"") -> CIN | R12: =IFERROR(INDEX(TableWRCalcPts[BYE],MATCH(TableWRVORP[[#This Row],[RK]],TableWRCalcPts[RK],0)),"") -> 6 | S12: =IFERROR(INDEX(TableWRCalcPts[Custom],MATCH(TableWRVORP[[#This Row],[RK]],TableWRCalcPts[RK],0)),"") -> 210.32383 | T12: =(IFERROR((TableWRVORP[[#This Row],[FPS]]-INDEX(TableWRVORP[FPS],MATCH(WRVORPCalc,TableWRVORP[RK],0))),"")) -> 120.03964 | V12: 11 | W12: =IFERROR(INDEX(TableTECalcPts[PLAYER],MATCH(TableTEVORP[[#This Row],[RK]],TableTECalcPts[RK],0)),"") -> Kyle Pitts | X12: =IFERROR(INDEX(TableTECalcPts[TM],MATCH(TableTEVORP[[#This Row],[RK]],TableTECalcPts[RK],0)),"") -> ATL | Y12: =IFERROR(INDEX(TableTECalcPts[BYE],MATCH(TableTEVORP[[#This Row],[RK]],TableTECalcPts[RK],0)),"") -> 11 | Z12: =IFERROR(INDEX(TableTECalcPts[Custom],MATCH(TableTEVORP[[#This Row],[RK]],TableTECalcPts[RK],0)),"") -> 141.23637 | AA12: =IFERROR((TableTEVORP[[#This Row],[FPS]]-INDEX(TableTEVORP[FPS],MATCH(TEVORPCalc,TableTEVORP[RK],0))),"") -> 63.350578 | AF12: QB | AG12: 11 | AH12: =RANK(TableOverallMaster[[#This Row],[VORP]],TableOverallMaster[VORP])+COUNTIF($AM$2:AM12,AM12)-1 -> 27 | AI12: =IFERROR(INDEX(TableQBVORP[QUARTERBACK],MATCH(TableOverallMaster[[#This Row],[RK]],TableQBVORP[RK],0)),"") -> Trevor Lawrence | AJ12: =CONCATENATE(AF12,AG12) -> QB11 | AK12: =IFERROR(INDEX(TableQBVORP[BYE],MATCH(TableOverallMaster[[#This Row],[RK]],TableQBVORP[RK],0)),"") -> 7 | AL12: =IFERROR(INDEX(TableQBVORP[FPS],MATCH(TableOverallMaster[[#This Row],[RK]],TableQBVORP[RK],0)),"") -> 409.37929 | AM12: =IFERROR(INDEX(TableQBVORP[VORP],MATCH(TableOverallMaster[[#This Row],[RK]],TableQBVORP[RK],0)),"") -> 118.34293 | AO12: 11 | AP12: =IFERROR(INDEX(TableOverallMaster[OVERALL PLAYER],MATCH(TableOverallRank[[#This Row],[RK]],TableOverallMaster[OVR RK],0)),"") -> Lamar Jackson | AQ12: =IFERROR(INDEX(TableOverallMaster[POS RK],MATCH(TableOverallRank[[#This Row],[OVERALL PLAYER]],TableOverallMaster[OVERALL PLAYER],0)),"") -> QB4 | AR12: =IFERROR(INDEX(TableOverallMaster[BYE],MATCH(TableOverallRank[[#This Row],[OVERALL PLAYER]],TableOverallMaster[OVERALL PLAYER],0)),"") -> 13 | AS12: =IFERROR(INDEX(TableOverallMaster[Custom],MATCH(TableOverallRank[[#This Row],[OVERALL PLAYER]],TableOverallMaster[OVERALL PLAYER],0)),"") -> 425.38039 | AT12: =IFERROR(INDEX(TableOverallMaster[VORP],MATCH(TableOverallRank[[#This Row],[OVERALL PLAYER]],TableOverallMaster[OVERALL PLAYER],0)),"") -> 154.0586 | AV12: 11 | AW12: =IFERROR(INDEX(TableWRTECalcPts[PLAYER],MATCH(TableWRTERank[[#This Row],[RK]],TableWRTECalcPts[RK],0)),"") -> Tee Higgins | AX12: =IFERROR(INDEX(TableWRTECalcPts[POS RK],MATCH(TableWRTERank[[#This Row],[WR and TE COMBINED]],TableWRTECalcPts[PLAYER],0)),"") -> WR11 | AY12: =IFERROR(INDEX(TableWRTECalcPts[BYE],MATCH(TableWRTERank[[#This Row],[RK]],TableWRTECalcPts[RK],0)),"") -> 6 | AZ12: =IFERROR(INDEX(TableWRTECalcPts[Custom],MATCH(TableWRTERank[[#This Row],[RK]],TableWRTECalcPts[RK],0)),"") -> 210.32383 | BA12: =IFERROR((TableWRTERank[[#This Row],[FPS]]-INDEX(TableWRTERank[FPS],MATCH(WRTEVORPCalc,TableWRTERank[RK],0))),"") -> 69.087458 | BC12: WR
A13: 12 | B13: =IFERROR(INDEX(TableQBCalcPts[PLAYER],MATCH(TableQBVORP[[#This Row],[RK]],TableQBCalcPts[RK],0)),"") -> Caleb Williams | C13: =IFERROR(INDEX(TableQBCalcPts[TM],MATCH(TableQBVORP[[#This Row],[RK]],TableQBCalcPts[RK],0)),"") -> CHI | D13: =IFERROR(INDEX(TableQBCalcPts[BYE],MATCH(TableQBVORP[[#This Row],[RK]],TableQBCalcPts[RK],0)),"") -> 10 | E13: =IFERROR(INDEX(TableQBCalcPts[Custom],MATCH(TableQBVORP[[#This Row],[RK]],TableQBCalcPts[RK],0)),"") -> 406.47585 | F13: =(IFERROR((TableQBVORP[[#This Row],[FPS]]-INDEX(TableQBVORP[FPS],MATCH(QBVORPCalc,TableQBVORP[RK],0))),""))+(TableRBVORP[[#This Row],[VORP]]*0.45) -> 115.43486 | H13: 12 | I13: =IFERROR(INDEX(TableRBCalcPts[PLAYER],MATCH(TableRBVORP[[#This Row],[RK]],TableRBCalcPts[RK],0)),"") -> Ashton Jeanty | J13: =IFERROR(INDEX(TableRBCalcPts[TM],MATCH(TableRBVORP[[#This Row],[RK]],TableRBCalcPts[RK],0)),"") -> LV | K13: =IFERROR(INDEX(TableRBCalcPts[BYE],MATCH(TableRBVORP[[#This Row],[RK]],TableRBCalcPts[RK],0)),"") -> 13 | L13: =IFERROR(INDEX(TableRBCalcPts[Custom],MATCH(TableRBVORP[[#This Row],[RK]],TableRBCalcPts[RK],0)),"") -> 233.06399 | M13: =(IFERROR((TableRBVORP[[#This Row],[FPS]]-INDEX(TableRBVORP[FPS],MATCH(RBVORPCalc,TableRBVORP[RK],0))),""))*0.8 -> 103.24492 | O13: 12 | P13: =IFERROR(INDEX(TableWRCalcPts[PLAYER],MATCH(TableWRVORP[[#This Row],[RK]],TableWRCalcPts[RK],0)),"") -> Tetairoa McMillan | Q13: =IFERROR(INDEX(TableWRCalcPts[TM],MATCH(TableWRVORP[[#This Row],[RK]],TableWRCalcPts[RK],0)),"") -> CAR | R13: =IFERROR(INDEX(TableWRCalcPts[BYE],MATCH(TableWRVORP[[#This Row],[RK]],TableWRCalcPts[RK],0)),"") -> 5 | S13: =IFERROR(INDEX(TableWRCalcPts[Custom],MATCH(TableWRVORP[[#This Row],[RK]],TableWRCalcPts[RK],0)),"") -> 207.85592 | T13: =(IFERROR((TableWRVORP[[#This Row],[FPS]]-INDEX(TableWRVORP[FPS],MATCH(WRVORPCalc,TableWRVORP[RK],0))),"")) -> 117.57173 | V13: 12 | W13: =IFERROR(INDEX(TableTECalcPts[PLAYER],MATCH(TableTEVORP[[#This Row],[RK]],TableTECalcPts[RK],0)),"") -> Dalton Kincaid | X13: =IFERROR(INDEX(TableTECalcPts[TM],MATCH(TableTEVORP[[#This Row],[RK]],TableTECalcPts[RK],0)),"") -> BUF | Y13: =IFERROR(INDEX(TableTECalcPts[BYE],MATCH(TableTEVORP[[#This Row],[RK]],TableTECalcPts[RK],0)),"") -> 7 | Z13: =IFERROR(INDEX(TableTECalcPts[Custom],MATCH(TableTEVORP[[#This Row],[RK]],TableTECalcPts[RK],0)),"") -> 137.45097 | AA13: =IFERROR((TableTEVORP[[#This Row],[FPS]]-INDEX(TableTEVORP[FPS],MATCH(TEVORPCalc,TableTEVORP[RK],0))),"") -> 59.565177 | AF13: QB | AG13: 12 | AH13: =RANK(TableOverallMaster[[#This Row],[VORP]],TableOverallMaster[VORP])+COUNTIF($AM$2:AM13,AM13)-1 -> 32 | AI13: =IFERROR(INDEX(TableQBVORP[QUARTERBACK],MATCH(TableOverallMaster[[#This Row],[RK]],TableQBVORP[RK],0)),"") -> Caleb Williams | AJ13: =CONCATENATE(AF13,AG13) -> QB12 | AK13: =IFERROR(INDEX(TableQBVORP[BYE],MATCH(TableOverallMaster[[#This Row],[RK]],TableQBVORP[RK],0)),"") -> 10 | AL13: =IFERROR(INDEX(TableQBVORP[FPS],MATCH(TableOverallMaster[[#This Row],[RK]],TableQBVORP[RK],0)),"") -> 406.47585 | AM13: =IFERROR(INDEX(TableQBVORP[VORP],MATCH(TableOverallMaster[[#This Row],[RK]],TableQBVORP[RK],0)),"") -> 115.43486 | AO13: 12 | AP13: =IFERROR(INDEX(TableOverallMaster[OVERALL PLAYER],MATCH(TableOverallRank[[#This Row],[RK]],TableOverallMaster[OVR RK],0)),"") -> Jonathan Taylor | AQ13: =IFERROR(INDEX(TableOverallMaster[POS RK],MATCH(TableOverallRank[[#This Row],[OVERALL PLAYER]],TableOverallMaster[OVERALL PLAYER],0)),"") -> RB4 | AR13: =IFERROR(INDEX(TableOverallMaster[BYE],MATCH(TableOverallRank[[#This Row],[OVERALL PLAYER]],TableOverallMaster[OVERALL PLAYER],0)),"") -> 13 | AS13: =IFERROR(INDEX(TableOverallMaster[Custom],MATCH(TableOverallRank[[#This Row],[OVERALL PLAYER]],TableOverallMaster[OVERALL PLAYER],0)),"") -> 287.83953 | AT13: =IFERROR(INDEX(TableOverallMaster[VORP],MATCH(TableOverallRank[[#This Row],[OVERALL PLAYER]],TableOverallMaster[OVERALL PLAYER],0)),"") -> 147.06536 | AV13: 12 | AW13: =IFERROR(INDEX(TableWRTECalcPts[PLAYER],MATCH(TableWRTERank[[#This Row],[RK]],TableWRTECalcPts[RK],0)),"") -> Tetairoa McMillan | AX13: =IFERROR(INDEX(TableWRTECalcPts[POS RK],MATCH(TableWRTERank[[#This Row],[WR and TE COMBINED]],TableWRTECalcPts[PLAYER],0)),"") -> WR12 | AY13: =IFERROR(INDEX(TableWRTECalcPts[BYE],MATCH(TableWRTERank[[#This Row],[RK]],TableWRTECalcPts[RK],0)),"") -> 5 | AZ13: =IFERROR(INDEX(TableWRTECalcPts[Custom],MATCH(TableWRTERank[[#This Row],[RK]],TableWRTECalcPts[RK],0)),"") -> 207.85592 | BA13: =IFERROR((TableWRTERank[[#This Row],[FPS]]-INDEX(TableWRTERank[FPS],MATCH(WRTEVORPCalc,TableWRTERank[RK],0))),"") -> 66.619544 | BC13: WR
A14: 13 | B14: =IFERROR(INDEX(TableQBCalcPts[PLAYER],MATCH(TableQBVORP[[#This Row],[RK]],TableQBCalcPts[RK],0)),"") -> Bo Nix | C14: =IFERROR(INDEX(TableQBCalcPts[TM],MATCH(TableQBVORP[[#This Row],[RK]],TableQBCalcPts[RK],0)),"") -> DEN | D14: =IFERROR(INDEX(TableQBCalcPts[BYE],MATCH(TableQBVORP[[#This Row],[RK]],TableQBCalcPts[RK],0)),"") -> 10 | E14: =IFERROR(INDEX(TableQBCalcPts[Custom],MATCH(TableQBVORP[[#This Row],[RK]],TableQBCalcPts[RK],0)),"") -> 400.64267 | F14: =(IFERROR((TableQBVORP[[#This Row],[FPS]]-INDEX(TableQBVORP[FPS],MATCH(QBVORPCalc,TableQBVORP[RK],0))),""))+(TableRBVORP[[#This Row],[VORP]]*0.45) -> 107.47794 | H14: 13 | I14: =IFERROR(INDEX(TableRBCalcPts[PLAYER],MATCH(TableRBVORP[[#This Row],[RK]],TableRBCalcPts[RK],0)),"") -> Javonte Williams | J14: =IFERROR(INDEX(TableRBCalcPts[TM],MATCH(TableRBVORP[[#This Row],[RK]],TableRBCalcPts[RK],0)),"") -> DAL | K14: =IFERROR(INDEX(TableRBCalcPts[BYE],MATCH(TableRBVORP[[#This Row],[RK]],TableRBCalcPts[RK],0)),"") -> 14 | L14: =IFERROR(INDEX(TableRBCalcPts[Custom],MATCH(TableRBVORP[[#This Row],[RK]],TableRBCalcPts[RK],0)),"") -> 227.1647 | M14: =(IFERROR((TableRBVORP[[#This Row],[FPS]]-INDEX(TableRBVORP[FPS],MATCH(RBVORPCalc,TableRBVORP[RK],0))),""))*0.8 -> 98.525485 | O14: 13 | P14: =IFERROR(INDEX(TableWRCalcPts[PLAYER],MATCH(TableWRVORP[[#This Row],[RK]],TableWRCalcPts[RK],0)),"") -> Zay Flowers | Q14: =IFERROR(INDEX(TableWRCalcPts[TM],MATCH(TableWRVORP[[#This Row],[RK]],TableWRCalcPts[RK],0)),"") -> BAL | R14: =IFERROR(INDEX(TableWRCalcPts[BYE],MATCH(TableWRVORP[[#This Row],[RK]],TableWRCalcPts[RK],0)),"") -> 13 | S14: =IFERROR(INDEX(TableWRCalcPts[Custom],MATCH(TableWRVORP[[#This Row],[RK]],TableWRCalcPts[RK],0)),"") -> 204.82729 | T14: =(IFERROR((TableWRVORP[[#This Row],[FPS]]-INDEX(TableWRVORP[FPS],MATCH(WRVORPCalc,TableWRVORP[RK],0))),"")) -> 114.5431 | V14: 13 | W14: =IFERROR(INDEX(TableTECalcPts[PLAYER],MATCH(TableTEVORP[[#This Row],[RK]],TableTECalcPts[RK],0)),"") -> Jake Ferguson | X14: =IFERROR(INDEX(TableTECalcPts[TM],MATCH(TableTEVORP[[#This Row],[RK]],TableTECalcPts[RK],0)),"") -> DAL | Y14: =IFERROR(INDEX(TableTECalcPts[BYE],MATCH(TableTEVORP[[#This Row],[RK]],TableTECalcPts[RK],0)),"") -> 14 | Z14: =IFERROR(INDEX(TableTECalcPts[Custom],MATCH(TableTEVORP[[#This Row],[RK]],TableTECalcPts[RK],0)),"") -> 135.53777 | AA14: =IFERROR((TableTEVORP[[#This Row],[FPS]]-INDEX(TableTEVORP[FPS],MATCH(TEVORPCalc,TableTEVORP[RK],0))),"") -> 57.651976 | AF14: QB | AG14: 13 | AH14: =RANK(TableOverallMaster[[#This Row],[VORP]],TableOverallMaster[VORP])+COUNTIF($AM$2:AM14,AM14)-1 -> 39 | AI14: =IFERROR(INDEX(TableQBVORP[QUARTERBACK],MATCH(TableOverallMaster[[#This Row],[RK]],TableQBVORP[RK],0)),"") -> Bo Nix | AJ14: =CONCATENATE(AF14,AG14) -> QB13 | AK14: =IFERROR(INDEX(TableQBVORP[BYE],MATCH(TableOverallMaster[[#This Row],[RK]],TableQBVORP[RK],0)),"") -> 10 | AL14: =IFERROR(INDEX(TableQBVORP[FPS],MATCH(TableOverallMaster[[#This Row],[RK]],TableQBVORP[RK],0)),"") -> 400.64267 | AM14: =IFERROR(INDEX(TableQBVORP[VORP],MATCH(TableOverallMaster[[#This Row],[RK]],TableQBVORP[RK],0)),"") -> 107.47794 | AO14: 13 | AP14: =IFERROR(INDEX(TableOverallMaster[OVERALL PLAYER],MATCH(TableOverallRank[[#This Row],[RK]],TableOverallMaster[OVR RK],0)),"") -> George Pickens | AQ14: =IFERROR(INDEX(TableOverallMaster[POS RK],MATCH(TableOverallRank[[#This Row],[OVERALL PLAYER]],TableOverallMaster[OVERALL PLAYER],0)),"") -> WR5 | AR14: =IFERROR(INDEX(TableOverallMaster[BYE],MATCH(TableOverallRank[[#This Row],[OVERALL PLAYER]],TableOverallMaster[OVERALL PLAYER],0)),"") -> 14 | AS14: =IFERROR(INDEX(TableOverallMaster[Custom],MATCH(TableOverallRank[[#This Row],[OVERALL PLAYER]],TableOverallMaster[OVERALL PLAYER],0)),"") -> 232.51214 | AT14: =IFERROR(INDEX(TableOverallMaster[VORP],MATCH(TableOverallRank[[#This Row],[OVERALL PLAYER]],TableOverallMaster[OVERALL PLAYER],0)),"") -> 142.22795 | AV14: 13 | AW14: =IFERROR(INDEX(TableWRTECalcPts[PLAYER],MATCH(TableWRTERank[[#This Row],[RK]],TableWRTECalcPts[RK],0)),"") -> Zay Flowers | AX14: =IFERROR(INDEX(TableWRTECalcPts[POS RK],MATCH(TableWRTERank[[#This Row],[WR and TE COMBINED]],TableWRTECalcPts[PLAYER],0)),"") -> WR13 | AY14: =IFERROR(INDEX(TableWRTECalcPts[BYE],MATCH(TableWRTERank[[#This Row],[RK]],TableWRTECalcPts[RK],0)),"") -> 13 | AZ14: =IFERROR(INDEX(TableWRTECalcPts[Custom],MATCH(TableWRTERank[[#This Row],[RK]],TableWRTECalcPts[RK],0)),"") -> 204.82729 | BA14: =IFERROR((TableWRTERank[[#This Row],[FPS]]-INDEX(TableWRTERank[FPS],MATCH(WRTEVORPCalc,TableWRTERank[RK],0))),"") -> 63.590915 | BC14: WR
A15: 14 | B15: =IFERROR(INDEX(TableQBCalcPts[PLAYER],MATCH(TableQBVORP[[#This Row],[RK]],TableQBCalcPts[RK],0)),"") -> Jayden Daniels | C15: =IFERROR(INDEX(TableQBCalcPts[TM],MATCH(TableQBVORP[[#This Row],[RK]],TableQBCalcPts[RK],0)),"") -> WSH | D15: =IFERROR(INDEX(TableQBCalcPts[BYE],MATCH(TableQBVORP[[#This Row],[RK]],TableQBCalcPts[RK],0)),"") -> 7 | E15: =IFERROR(INDEX(TableQBCalcPts[Custom],MATCH(TableQBVORP[[#This Row],[RK]],TableQBCalcPts[RK],0)),"") -> 399.83547 | F15: =(IFERROR((TableQBVORP[[#This Row],[FPS]]-INDEX(TableQBVORP[FPS],MATCH(QBVORPCalc,TableQBVORP[RK],0))),""))+(TableRBVORP[[#This Row],[VORP]]*0.45) -> 105.45243 | H15: 14 | I15: =IFERROR(INDEX(TableRBCalcPts[PLAYER],MATCH(TableRBVORP[[#This Row],[RK]],TableRBCalcPts[RK],0)),"") -> Cam Skattebo | J15: =IFERROR(INDEX(TableRBCalcPts[TM],MATCH(TableRBVORP[[#This Row],[RK]],TableRBCalcPts[RK],0)),"") -> NYG | K15: =IFERROR(INDEX(TableRBCalcPts[BYE],MATCH(TableRBVORP[[#This Row],[RK]],TableRBCalcPts[RK],0)),"") -> 8 | L15: =IFERROR(INDEX(TableRBCalcPts[Custom],MATCH(TableRBVORP[[#This Row],[RK]],TableRBCalcPts[RK],0)),"") -> 223.78051 | M15: =(IFERROR((TableRBVORP[[#This Row],[FPS]]-INDEX(TableRBVORP[FPS],MATCH(RBVORPCalc,TableRBVORP[RK],0))),""))*0.8 -> 95.818133 | O15: 14 | P15: =IFERROR(INDEX(TableWRCalcPts[PLAYER],MATCH(TableWRVORP[[#This Row],[RK]],TableWRCalcPts[RK],0)),"") -> Jaylen Waddle | Q15: =IFERROR(INDEX(TableWRCalcPts[TM],MATCH(TableWRVORP[[#This Row],[RK]],TableWRCalcPts[RK],0)),"") -> DEN | R15: =IFERROR(INDEX(TableWRCalcPts[BYE],MATCH(TableWRVORP[[#This Row],[RK]],TableWRCalcPts[RK],0)),"") -> 10 | S15: =IFERROR(INDEX(TableWRCalcPts[Custom],MATCH(TableWRVORP[[#This Row],[RK]],TableWRCalcPts[RK],0)),"") -> 200.80423 | T15: =(IFERROR((TableWRVORP[[#This Row],[FPS]]-INDEX(TableWRVORP[FPS],MATCH(WRVORPCalc,TableWRVORP[RK],0))),"")) -> 110.52004 | V15: 14 | W15: =IFERROR(INDEX(TableTECalcPts[PLAYER],MATCH(TableTEVORP[[#This Row],[RK]],TableTECalcPts[RK],0)),"") -> Mark Andrews | X15: =IFERROR(INDEX(TableTECalcPts[TM],MATCH(TableTEVORP[[#This Row],[RK]],TableTECalcPts[RK],0)),"") -> BAL | Y15: =IFERROR(INDEX(TableTECalcPts[BYE],MATCH(TableTEVORP[[#This Row],[RK]],TableTECalcPts[RK],0)),"") -> 13 | Z15: =IFERROR(INDEX(TableTECalcPts[Custom],MATCH(TableTEVORP[[#This Row],[RK]],TableTECalcPts[RK],0)),"") -> 128.78264 | AA15: =IFERROR((TableTEVORP[[#This Row],[FPS]]-INDEX(TableTEVORP[FPS],MATCH(TEVORPCalc,TableTEVORP[RK],0))),"") -> 50.896844 | AF15: QB | AG15: 14 | AH15: =RANK(TableOverallMaster[[#This Row],[VORP]],TableOverallMaster[VORP])+COUNTIF($AM$2:AM15,AM15)-1 -> 42 | AI15: =IFERROR(INDEX(TableQBVORP[QUARTERBACK],MATCH(TableOverallMaster[[#This Row],[RK]],TableQBVORP[RK],0)),"") -> Jayden Daniels | AJ15: =CONCATENATE(AF15,AG15) -> QB14 | AK15: =IFERROR(INDEX(TableQBVORP[BYE],MATCH(TableOverallMaster[[#This Row],[RK]],TableQBVORP[RK],0)),"") -> 7 | AL15: =IFERROR(INDEX(TableQBVORP[FPS],MATCH(TableOverallMaster[[#This Row],[RK]],TableQBVORP[RK],0)),"") -> 399.83547 | AM15: =IFERROR(INDEX(TableQBVORP[VORP],MATCH(TableOverallMaster[[#This Row],[RK]],TableQBVORP[RK],0)),"") -> 105.45243 | AO15: 14 | AP15: =IFERROR(INDEX(TableOverallMaster[OVERALL PLAYER],MATCH(TableOverallRank[[#This Row],[RK]],TableOverallMaster[OVR RK],0)),"") -> Dak Prescott | AQ15: =IFERROR(INDEX(TableOverallMaster[POS RK],MATCH(TableOverallRank[[#This Row],[OVERALL PLAYER]],TableOverallMaster[OVERALL PLAYER],0)),"") -> QB5 | AR15: =IFERROR(INDEX(TableOverallMaster[BYE],MATCH(TableOverallRank[[#This Row],[OVERALL PLAYER]],TableOverallMaster[OVERALL PLAYER],0)),"") -> 14 | AS15: =IFERROR(INDEX(TableOverallMaster[Custom],MATCH(TableOverallRank[[#This Row],[OVERALL PLAYER]],TableOverallMaster[OVERALL PLAYER],0)),"") -> 424.26157 | AT15: =IFERROR(INDEX(TableOverallMaster[VORP],MATCH(TableOverallRank[[#This Row],[OVERALL PLAYER]],TableOverallMaster[OVERALL PLAYER],0)),"") -> 140.39729 | AV15: 14 | AW15: =IFERROR(INDEX(TableWRTECalcPts[PLAYER],MATCH(TableWRTERank[[#This Row],[RK]],TableWRTECalcPts[RK],0)),"") -> Jaylen Waddle | AX15: =IFERROR(INDEX(TableWRTECalcPts[POS RK],MATCH(TableWRTERank[[#This Row],[WR and TE COMBINED]],TableWRTECalcPts[PLAYER],0)),"") -> WR14 | AY15: =IFERROR(INDEX(TableWRTECalcPts[BYE],MATCH(TableWRTERank[[#This Row],[RK]],TableWRTECalcPts[RK],0)),"") -> 10 | AZ15: =IFERROR(INDEX(TableWRTECalcPts[Custom],MATCH(TableWRTERank[[#This Row],[RK]],TableWRTECalcPts[RK],0)),"") -> 200.80423 | BA15: =IFERROR((TableWRTERank[[#This Row],[FPS]]-INDEX(TableWRTERank[FPS],MATCH(WRTEVORPCalc,TableWRTERank[RK],0))),"") -> 59.567855 | BC15: WR
A16: 15 | B16: =IFERROR(INDEX(TableQBCalcPts[PLAYER],MATCH(TableQBVORP[[#This Row],[RK]],TableQBCalcPts[RK],0)),"") -> Justin Herbert | C16: =IFERROR(INDEX(TableQBCalcPts[TM],MATCH(TableQBVORP[[#This Row],[RK]],TableQBCalcPts[RK],0)),"") -> LAC | D16: =IFERROR(INDEX(TableQBCalcPts[BYE],MATCH(TableQBVORP[[#This Row],[RK]],TableQBCalcPts[RK],0)),"") -> 7 | E16: =IFERROR(INDEX(TableQBCalcPts[Custom],MATCH(TableQBVORP[[#This Row],[RK]],TableQBCalcPts[RK],0)),"") -> 395.41933 | F16: =(IFERROR((TableQBVORP[[#This Row],[FPS]]-INDEX(TableQBVORP[FPS],MATCH(QBVORPCalc,TableQBVORP[RK],0))),""))+(TableRBVORP[[#This Row],[VORP]]*0.45) -> 100.49575 | H16: 15 | I16: =IFERROR(INDEX(TableRBCalcPts[PLAYER],MATCH(TableRBVORP[[#This Row],[RK]],TableRBCalcPts[RK],0)),"") -> Kyren Williams | J16: =IFERROR(INDEX(TableRBCalcPts[TM],MATCH(TableRBVORP[[#This Row],[RK]],TableRBCalcPts[RK],0)),"") -> LAR | K16: =IFERROR(INDEX(TableRBCalcPts[BYE],MATCH(TableRBVORP[[#This Row],[RK]],TableRBCalcPts[RK],0)),"") -> 11 | L16: =IFERROR(INDEX(TableRBCalcPts[Custom],MATCH(TableRBVORP[[#This Row],[RK]],TableRBCalcPts[RK],0)),"") -> 222.27899 | M16: =(IFERROR((TableRBVORP[[#This Row],[FPS]]-INDEX(TableRBVORP[FPS],MATCH(RBVORPCalc,TableRBVORP[RK],0))),""))*0.8 -> 94.616922 | O16: 15 | P16: =IFERROR(INDEX(TableWRCalcPts[PLAYER],MATCH(TableWRVORP[[#This Row],[RK]],TableWRCalcPts[RK],0)),"") -> Terry McLaurin | Q16: =IFERROR(INDEX(TableWRCalcPts[TM],MATCH(TableWRVORP[[#This Row],[RK]],TableWRCalcPts[RK],0)),"") -> WSH | R16: =IFERROR(INDEX(TableWRCalcPts[BYE],MATCH(TableWRVORP[[#This Row],[RK]],TableWRCalcPts[RK],0)),"") -> 7 | S16: =IFERROR(INDEX(TableWRCalcPts[Custom],MATCH(TableWRVORP[[#This Row],[RK]],TableWRCalcPts[RK],0)),"") -> 200.39781 | T16: =(IFERROR((TableWRVORP[[#This Row],[FPS]]-INDEX(TableWRVORP[FPS],MATCH(WRVORPCalc,TableWRVORP[RK],0))),"")) -> 110.11362 | V16: 15 | W16: =IFERROR(INDEX(TableTECalcPts[PLAYER],MATCH(TableTEVORP[[#This Row],[RK]],TableTECalcPts[RK],0)),"") -> T.J. Hockenson | X16: =IFERROR(INDEX(TableTECalcPts[TM],MATCH(TableTEVORP[[#This Row],[RK]],TableTECalcPts[RK],0)),"") -> MIN | Y16: =IFERROR(INDEX(TableTECalcPts[BYE],MATCH(TableTEVORP[[#This Row],[RK]],TableTECalcPts[RK],0)),"") -> 6 | Z16: =IFERROR(INDEX(TableTECalcPts[Custom],MATCH(TableTEVORP[[#This Row],[RK]],TableTECalcPts[RK],0)),"") -> 122.26223 | AA16: =IFERROR((TableTEVORP[[#This Row],[FPS]]-INDEX(TableTEVORP[FPS],MATCH(TEVORPCalc,TableTEVORP[RK],0))),"") -> 44.376435 | AF16: QB | AG16: 15 | AH16: =RANK(TableOverallMaster[[#This Row],[VORP]],TableOverallMaster[VORP])+COUNTIF($AM$2:AM16,AM16)-1 -> 51 | AI16: =IFERROR(INDEX(TableQBVORP[QUARTERBACK],MATCH(TableOverallMaster[[#This Row],[RK]],TableQBVORP[RK],0)),"") -> Justin Herbert | AJ16: =CONCATENATE(AF16,AG16) -> QB15 | AK16: =IFERROR(INDEX(TableQBVORP[BYE],MATCH(TableOverallMaster[[#This Row],[RK]],TableQBVORP[RK],0)),"") -> 7 | AL16: =IFERROR(INDEX(TableQBVORP[FPS],MATCH(TableOverallMaster[[#This Row],[RK]],TableQBVORP[RK],0)),"") -> 395.41933 | AM16: =IFERROR(INDEX(TableQBVORP[VORP],MATCH(TableOverallMaster[[#This Row],[RK]],TableQBVORP[RK],0)),"") -> 100.49575 | AO16: 15 | AP16: =IFERROR(INDEX(TableOverallMaster[OVERALL PLAYER],MATCH(TableOverallRank[[#This Row],[RK]],TableOverallMaster[OVR RK],0)),"") -> Drake London | AQ16: =IFERROR(INDEX(TableOverallMaster[POS RK],MATCH(TableOverallRank[[#This Row],[OVERALL PLAYER]],TableOverallMaster[OVERALL PLAYER],0)),"") -> WR6 | AR16: =IFERROR(INDEX(TableOverallMaster[BYE],MATCH(TableOverallRank[[#This Row],[OVERALL PLAYER]],TableOverallMaster[OVERALL PLAYER],0)),"") -> 11 | AS16: =IFERROR(INDEX(TableOverallMaster[Custom],MATCH(TableOverallRank[[#This Row],[OVERALL PLAYER]],TableOverallMaster[OVERALL PLAYER],0)),"") -> 228.86491 | AT16: =IFERROR(INDEX(TableOverallMaster[VORP],MATCH(TableOverallRank[[#This Row],[OVERALL PLAYER]],TableOverallMaster[OVERALL PLAYER],0)),"") -> 138.58072 | AV16: 15 | AW16: =IFERROR(INDEX(TableWRTECalcPts[PLAYER],MATCH(TableWRTERank[[#This Row],[RK]],TableWRTECalcPts[RK],0)),"") -> Terry McLaurin | AX16: =IFERROR(INDEX(TableWRTECalcPts[POS RK],MATCH(TableWRTERank[[#This Row],[WR and TE COMBINED]],TableWRTECalcPts[PLAYER],0)),"") -> WR15 | AY16: =IFERROR(INDEX(TableWRTECalcPts[BYE],MATCH(TableWRTERank[[#This Row],[RK]],TableWRTECalcPts[RK],0)),"") -> 7 | AZ16: =IFERROR(INDEX(TableWRTECalcPts[Custom],MATCH(TableWRTERank[[#This Row],[RK]],TableWRTECalcPts[RK],0)),"") -> 200.39781 | BA16: =IFERROR((TableWRTERank[[#This Row],[FPS]]-INDEX(TableWRTERank[FPS],MATCH(WRTEVORPCalc,TableWRTERank[RK],0))),"") -> 59.161438 | BC16: WR
